PUNCT	2444
the	1908
to	1185
BANG	1141
in	814
on	804
a	780
and	766
i	762
#OCTOTHORPE	739
@USER	695
for	685
of	665
#NUM	640
is	635
ELLIPSIS	635
tomorrow	587
@URL	562
with	501
be	488
at	481
it	464
you	456
my	370
day	322
that	307
QUESTION	296
night	294
this	288
tonight	287
just	282
may	280
have	268
so	236
will	231
see	225
good	222
out	220
all	218
going	212
but	209
me	205
i'm	200
today	196
EM_HAPPY	190
are	189
was	187
up	181
friday	178
time	177
not	177
sunday	171
we	167
from	167
like	166
1st	166
get	162
it's	161
saturday	156
love	151
game	148
if	147
one	141
about	136
can't	134
go	134
he	134
as	131
wait	129
happy	119
now	118
last	114
great	114
by	112
your	111
new	111
don't	109
what	106
come	104
morning	102
monday	101
best	100
2nd	98
his	98
an	94
after	93
they	92
do	91
got	91
thursday	91
can	88
no	88
big	87
show	86
watch	86
off	82
excited	81
has	80
make	79
back	78
gonna	77
3rd	76
when	76
or	76
there	75
us	74
hope	74
watching	74
more	73
its	73
still	73
some	73
know	72
win	69
better	69
would	69
down	68
think	68
too	68
our	68
how	67
then	67
first	67
here	66
sat	66
season	66
want	65
world	63
only	63
looking	62
really	61
sun	61
lol	59
coming	59
tuesday	58
over	58
birthday	58
4th	58
who	58
vs	57
rt	56
had	54
her	54
play	54
next	54
even	54
him	54
miss	53
again	53
she	51
u	51
ever	50
work	49
well	49
wednesday	48
why	48
am	47
way	46
i'll	46
bad	46
fun	46
forward	46
been	46
than	45
start	45
party	45
week	45
live	45
november	43
thanks	43
ready	43
twitter	43
before	43
football	43
life	42
movie	42
should	42
against	42
news	42
them	41
year	41
man	41
their	41
right	40
team	40
october	40
another	40
march	40
need	40
home	40
did	40
everyone	40
EM_LOVE	40
school	40
because	40
com	39
very	39
EM_SAD	38
say	38
tv	38
concert	38
amazing	38
knicks	38
much	37
people	37
awesome	37
take	37
house	37
family	37
wish	36
pic	36
he's	36
city	35
said	35
shit	35
made	35
nov	34
state	34
im	34
thing	34
place	34
until	33
w	33
weekend	33
most	33
sure	33
oh	33
i've	33
EM_WINK	32
give	32
fuck	32
playing	32
5th	32
free	32
always	31
band	31
x	31
super	31
girl	31
never	30
real	30
beat	30
might	30
looks	30
since	29
look	29
meet	29
guys	29
were	29
lions	29
that's	29
please	29
yesterday	29
end	29
days	29
check	29
long	29
being	28
derby	28
song	28
luck	28
girls	28
round	28
says	28
getting	28
music	27
support	27
video	27
tickets	27
club	27
didn't	27
pretty	27
league	27
black	27
fans	27
nice	27
where	26
other	26
we'll	26
boys	26
center	26
join	26
london	26
feel	26
watched	25
makes	25
could	25
guy	25
match	25
enjoy	25
though	25
also	25
we're	25
o	24
open	24
full	24
having	24
bring	24
february	24
7th	24
p	24
till	24
went	24
yet	24
august	24
find	24
national	24
any	24
old	23
red	23
s	23
via	23
guess	23
soon	23
grade	23
6th	23
god	23
oct	23
heat	23
nfl	23
true	22
remember	22
won't	22
keep	22
does	22
left	22
little	22
done	22
cup	22
10th	22
many	22
far	22
v	22
found	21
you're	21
haha	21
ass	21
president	21
run	21
thank	21
anyone	21
tour	21
same	21
mom	21
starting	21
forget	21
b	21
top	21
hopefully	21
games	21
cool	21
white	21
september	21
congrats	21
came	20
st	20
half	20
yeah	20
album	20
early	20
lost	20
star	20
stop	20
yes	20
finally	20
believe	20
rest	20
every	20
already	20
greatest	20
pm	20
doesn't	20
class	20
years	19
sad	19
saw	19
awards	19
favorite	19
hey	19
try	19
race	19
let	19
perfect	19
doing	19
chance	19
dr	19
let's	19
care	19
comes	19
haven't	19
damn	19
seeing	19
seen	19
m	19
cant	19
gotta	19
rugby	19
c'mon	19
late	19
n	19
hit	19
times	18
obama	18
church	18
into	18
young	18
event	18
put	18
halloween	18
martin	18
starts	18
theatre	18
those	18
bit	18
thought	18
hate	18
glad	18
wanna	18
steve	18
wins	17
episode	17
williams	17
beautiful	17
missed	17
set	17
baby	17
high	17
festival	17
face	17
heard	17
isn't	17
evening	17
won	17
boy	17
michael	17
carter	17
final	17
mexico	17
visit	17
enough	17
film	17
celebrity	17
two	17
taking	17
almost	17
buy	17
sleep	17
must	17
everything	17
hear	17
brother	17
ok	17
york	17
gets	17
book	17
around	16
bowl	16
listening	16
anything	16
david	16
wed	16
away	16
niggas	16
december	16
juice	16
both	16
while	16
bed	16
sorry	16
she's	16
cancelled	16
dallas	16
anderson	16
peace	16
nick	16
something	16
july	16
i'd	15
things	15
san	15
comedy	15
jan	15
avril	15
tho	15
photo	15
these	15
dream	15
maybe	15
stay	15
talk	15
through	15
park	15
justin	15
detroit	15
proud	15
call	15
king	15
feb	15
which	15
june	15
four	14
marching	14
hot	14
fox	14
choice	14
espn	14
gone	14
mnf	14
funny	14
d	14
netflix	14
line	14
move	14
worldwide	14
paul	14
award	14
green	14
dance	14
lady	14
injury	14
help	14
yay	14
jackson	14
sound	14
someone	14
19th	14
planet	14
goes	14
george	14
college	14
taylor	14
apple	14
record	14
played	13
later	13
along	13
factor	13
lloyd	13
ghost	13
break	13
vegas	13
january	13
america	13
celebrate	13
between	13
read	13
hell	13
actually	13
probably	13
able	13
jersey	13
friends	13
tell	13
room	13
movies	13
side	13
dead	13
valentines	13
rock	13
kevin	13
town	13
needs	13
meeting	13
winning	13
sunday's	13
catch	13
head	13
til	13
cast	13
kill	13
follow	13
anniversary	13
okay	13
called	13
waiting	13
g	13
14th	13
kinda	13
second	12
kids	12
nicki	12
country	12
such	12
course	12
vote	12
16th	12
pass	12
silva	12
ravens	12
colts	12
post	12
valentine's	12
ya	12
finish	12
thinking	12
food	12
behind	12
scotland	12
close	12
wow	12
cause	12
florida	12
washington	12
omg	12
classic	12
shot	12
crazy	12
interesting	12
blood	12
annual	12
point	12
biggest	12
tweet	12
dwts	12
studio	12
25th	12
tom	12
players	12
dinner	12
y'all	12
directioners	12
lets	12
sons	12
ticket	12
shore	12
wichita	12
c	12
flight	12
few	12
practice	12
centre	12
april	12
james	12
lead	12
cake	12
series	11
feeling	11
saying	11
job	11
east	11
congratulations	11
minaj	11
brilliant	11
working	11
jets	11
west	11
act	11
17th	11
social	11
giants	11
15th	11
uk	11
means	11
lucky	11
stage	11
told	11
celebration	11
sarah	11
india	11
safe	11
kyle	11
test	11
central	11
ahead	11
anarchy	11
ash	11
arsenal	11
singing	11
started	11
steelers	11
loss	11
cricket	11
aug	11
heading	11
lights	11
robertson	11
mind	11
there's	11
die	11
9th	11
making	11
sounds	11
dont	11
8pm	11
tomorrow's	11
fan	11
ipad	11
paris	11
took	11
election	11
sept	11
released	11
tim	11
cowboys	11
nothing	11
fucking	11
son	11
opening	11
hall	11
hold	10
18th	10
trending	10
smh	10
lots	10
leave	10
date	10
sm	10
quarter	10
russia	10
drive	10
morsi	10
wants	10
power	10
company	10
whole	10
hoping	10
definitely	10
exciting	10
lot	10
ball	10
l	10
dc	10
da	10
voice	10
welcome	10
songs	10
car	10
heart	10
ex	10
happen	10
friend	10
13th	10
deus	10
media	10
t	10
ask	10
history	10
during	10
28th	10
e	10
special	10
candy	10
north	10
tonight's	10
met	10
murray	10
performing	10
afternoon	10
nyc	10
mad	10
main	10
channel	10
speech	10
enjoying	10
hour	10
hard	10
part	10
ireland	10
italy	10
moment	10
cuz	10
la	10
south	10
loved	10
they're	10
tampa	10
mr	10
independence	10
rider	10
radio	10
kentucky	10
plus	10
26th	10
cook	10
name	10
turn	10
pakistan	10
moon	10
woman	10
nba	10
sweet	10
due	10
30pm	10
wild	10
miami	10
rd	9
listen	9
joseph	9
kendrick	9
dexter	9
jobs	9
case	9
teen	9
blues	9
brooklyn	9
person	9
ago	9
challenge	9
you'll	9
fact	9
stuff	9
interview	9
bday	9
nets	9
noel	9
hank	9
mohamed	9
winans	9
change	9
xx	9
curtis	9
american	9
jeff	9
else	9
ricky	9
kings	9
boehner	9
rodeo	9
captain	9
mccarthy	9
bay	9
lovely	9
romo	9
irene	9
performance	9
mark	9
totally	9
island	9
delicious	9
hart	9
least	9
11th	9
talking	9
google	9
grammy	9
hopes	9
jason	9
iii	9
fran	9
dad	9
tues	9
teams	9
finished	9
rise	9
street	9
wanted	9
republicans	9
gave	9
coach	9
row	9
apes	9
goal	9
beyonce	9
return	9
pj	9
eagles	9
women	9
democrats	9
walk	9
painter	9
english	9
jeremy	9
showed	8
melissa	8
possible	8
tigers	8
twilight	8
quite	8
mean	8
24th	8
hours	8
scott	8
tonite	8
what's	8
verlander	8
houston	8
jesus	8
official	8
bolton	8
worth	8
japan	8
valor	8
list	8
john	8
mitch	8
ill	8
release	8
hills	8
27th	8
gandhi	8
danica	8
mta	8
margarita	8
trifecta	8
wont	8
shows	8
card	8
xd	8
silent	8
price	8
elvis	8
trying	8
diaries	8
strong	8
auburn	8
bless	8
it'll	8
nigeria	8
philly	8
tonga	8
rodgers	8
capello	8
liked	8
showing	8
dude	8
dvd	8
vampire	8
austin	8
bieber	8
spurs	8
upset	8
inbetweeners	8
eat	8
force	8
milan	8
points	8
bar	8
iv	8
kid	8
preseason	8
walking	8
ians	8
everybody	8
max	8
johnson	8
killed	8
fast	8
gaga	8
mon	8
field	8
20th	8
bill	8
single	8
talent	8
aladdin	8
glorious	8
minutes	8
blue	8
leaves	8
each	8
harry	8
classes	8
wedding	8
pick	8
ice	8
sports	8
sanchez	8
jazz	8
brit	8
myself	8
without	8
championship	8
worst	8
okami	8
revolution	8
art	8
once	8
7pm	8
instead	8
who's	8
lorax	8
tired	7
tatum	7
k	7
wine	7
asked	7
actor	7
ost	7
droid	7
sign	7
loving	7
laguna	7
roger	7
harvey	7
a1	7
past	7
learn	7
sense	7
huge	7
boonen	7
castle	7
cry	7
walker	7
details	7
pavol	7
tough	7
tony	7
air	7
board	7
fight	7
together	7
beiber	7
egypt's	7
lakers	7
homecoming	7
extra	7
caught	7
premier	7
cannot	7
elected	7
thurs	7
mersey	7
stars	7
nebraska	7
rudd	7
manning	7
missing	7
anymore	7
justice	7
bitch	7
parker	7
winner	7
police	7
jim	7
hi	7
hd	7
mackems	7
men	7
army	7
forgot	7
bionic	7
mins	7
boise	7
il	7
trayvon	7
21st	7
bob	7
thru	7
soul	7
cute	7
lunch	7
living	7
marijuana	7
especially	7
playoffs	7
stupid	7
wake	7
running	7
money	7
christina	7
either	7
road	7
wasn't	7
sucks	7
ko	7
spend	7
ceo	7
cut	7
rivers	7
chicago	7
giving	7
train	7
galaxy	7
iguana	7
announced	7
j	7
sandy	7
goin	7
8th	7
under	7
victory	7
bridge	7
christmas	7
nc	7
debate	7
grimmie	7
pakistan's	7
andy	7
r	7
pro	7
tix	7
nz	7
patrick	7
ladies	7
gary	7
barcelona	7
aaron	7
worse	7
breaking	7
short	7
style	7
12th	7
wisconsin	7
store	7
rocking	7
kick	7
nigga	7
fabio	7
hasn't	7
fine	7
use	7
crash	7
wsh	7
twat	7
cohen	7
presley	7
available	7
channing	7
own	7
weather	7
cliff	7
wrong	6
today's	6
service	6
bomb	6
rick	6
stadium	6
player	6
madonna	6
tune	6
possibly	6
tournament	6
republic	6
roll	6
seriously	6
million	6
training	6
bright	6
merlin	6
artist	6
worried	6
bacolod	6
harris	6
summer	6
couldn't	6
ace	6
ap	6
hello	6
iss	6
england	6
microsoft	6
golf	6
session	6
knowing	6
we've	6
straight	6
vow	6
lane	6
age	6
denzel	6
cvs	6
hahaha	6
less	6
sister	6
29th	6
word	6
appreciate	6
office	6
hosted	6
enjoyed	6
de	6
everton	6
born	6
kickball	6
brown	6
divo	6
janata	6
breakfast	6
worry	6
selma	6
business	6
pool	6
blanche	6
learned	6
respect	6
barbican	6
yo	6
you've	6
issue	6
passed	6
grey	6
lin	6
yushin	6
yankees	6
savage	6
idk	6
bangladesh	6
rhonda	6
ryan	6
wonderful	6
farm	6
hands	6
front	6
entertainment	6
hopeful	6
career	6
deniesse	6
treat	6
kandi	6
pumped	6
contest	6
fantastic	6
answer	6
weeks	6
surprise	6
turning	6
deal	6
dear	6
amsterdam	6
sale	6
died	6
daily	6
villa	6
pink	6
group	6
afghans	6
here's	6
workshop	6
blessed	6
vh1	6
strawberry	6
deep	6
talks	6
sitting	6
destination	6
leonard	6
ain't	6
bulls	6
dancing	6
absolutely	6
sing	6
named	6
10pm	6
bjp	6
charles	6
success	6
alive	6
hair	6
jack	6
stevie	6
phone	6
excellent	6
eng	6
rousey	6
signing	6
gon	6
demitra	6
hearing	6
fashion	6
conference	6
beer	6
alabama	6
eli	6
jennifer	6
ni	6
picture	6
australian	6
fourth	6
factory	6
cards	6
senior	6
outside	6
tiger	6
madrid	6
bharatiya	6
chinese	6
racing	6
israel	6
rather	6
soccer	6
hotel	6
nights	6
arm	6
moving	6
cheer	6
all-star	6
prince	6
lose	6
bell	6
cover	6
rally	6
sexy	6
leaving	6
app	6
light	6
billy	6
nuit	6
echo	6
ones	6
bought	6
mizzou	6
swift	6
fighting	6
cried	6
tennessee	6
holy	5
fit	5
schools	5
debut	5
camp	5
asia	5
busy	5
honda	5
fair	5
goodnight	5
fail	5
30th	5
soo	5
nova	5
rolling	5
skate	5
minute	5
troy	5
celebrated	5
woot	5
following	5
nascar	5
ss	5
saturday's	5
procter	5
sophia	5
grammys	5
knew	5
photos	5
singapore	5
23rd	5
johnny	5
doug	5
terra	5
riots	5
action	5
friday's	5
morgan	5
dress	5
plant	5
paper	5
deeds	5
grace	5
self	5
failed	5
community	5
nugent	5
raiders	5
surprised	5
wives	5
b4	5
ur	5
walked	5
fresh	5
magic	5
thin	5
leo	5
physics	5
emerson	5
rooney	5
animal	5
realized	5
winners	5
davis	5
rapper	5
etc	5
spain	5
become	5
count	5
places	5
excitement	5
panda	5
officially	5
bro	5
total	5
summerslam	5
rookie	5
las	5
order	5
denver	5
perkins	5
dj	5
tha	5
wright	5
shout	5
towards	5
moore	5
scored	5
tottenham	5
gun	5
bangs	5
cold	5
em	5
fu	5
online	5
aint	5
title	5
amanda	5
joke	5
theater	5
death	5
oscars	5
throw	5
taken	5
excuse	5
fl	5
held	5
trailer	5
terrible	5
kung	5
scheduled	5
superbowl	5
itv2	5
ncs	5
nca	5
latest	5
northern	5
famous	5
feels	5
wouldn't	5
grand	5
yolo	5
rui	5
step	5
shine	5
info	5
crap	5
jonathan	5
ride	5
spartacus	5
blake	5
nokia	5
university	5
celtics	5
evans	5
journey	5
policy	5
page	5
daniels	5
piece	5
drew	5
aren't	5
dry	5
aston	5
volare	5
fuckin	5
matter	5
mine	5
seem	5
chamberlain	5
mints	5
three	5
he'll	5
zombies	5
flying	5
french	5
box	5
map	5
ajax	5
keith	5
cheese	5
butt	5
squad	5
paid	5
chelsea	5
shopping	5
coffee	5
pay	5
cannavaro	5
alright	5
tribute	5
dec	5
def	5
drinking	5
robbie	5
fish	5
idea	5
valentine	5
rohypnol	5
understand	5
spent	5
klitschko	5
aliens	5
entire	5
jennette	5
upcoming	5
britney	5
bolder	5
warned	5
semi-finals	5
foams	5
loves	5
mix	5
mick	5
text	5
chesters	5
ralph	5
otherwise	5
laugh	5
sets	5
female	5
bus	5
ms	5
mess	5
jungle	5
celebrating	5
driving	5
murder	5
jean	5
wead	5
jose	5
bet	5
trust	5
evanescence	5
charlie	5
mother	5
ppl	5
stuck	5
ny	5
n9	5
rob	5
leads	5
drinks	5
dublin	5
midnight	5
happened	5
banff	5
copy	5
contract	5
period	5
andrew	5
spirit	5
gonzaga	5
trip	5
rose	5
seems	5
ross	5
delhi	5
lmfao	5
stand	5
catholics	5
wife	5
present	5
ted	5
crush	5
version	5
tryna	5
knows	5
desperation	5
khader	5
hill	5
guest	5
fancy	5
windows	5
10am	5
attention	5
demand	5
santos	5
shirt	5
exhibition	5
plaza	5
wishes	5
usa	5
united	5
brian	5
honestly	5
lounge	5
mcquarrie	5
clash	5
qb	5
closed	5
table	5
wilt	5
cross	5
student	5
growth	5
greensboro	5
ep	5
sick	5
woods	4
foul	4
pulse	4
brownsville	4
hurt	4
glass	4
hog	4
machine	4
keeps	4
xi	4
yourself	4
rs	4
re	4
9pm	4
basketball	4
shall	4
singer	4
rich	4
lamar	4
union	4
fri	4
lucas	4
letterman	4
ham	4
defensive	4
losing	4
stoked	4
sox	4
smell	4
adnan	4
remembered	4
egypt	4
winter	4
spot	4
suck	4
episodes	4
square	4
ridiculous	4
turned	4
cif	4
screen	4
jett	4
former	4
shepard	4
fame	4
divine	4
haryana	4
noon	4
tv5	4
rush	4
ac	4
ah	4
cream	4
congress	4
champions	4
th	4
td	4
gagner	4
experience	4
plane	4
itv	4
starkville	4
endymion	4
sometimes	4
gold	4
timmons	4
natchitoches	4
sex	4
ritz	4
drunk	4
receive	4
picks	4
parents	4
mighty	4
temple	4
gallagher	4
spending	4
competition	4
liacouras	4
flatbush	4
sent	4
garden	4
victor	4
lee	4
leg	4
casino	4
delay	4
notebook	4
degrees	4
realize	4
glasses	4
jagger	4
shannon	4
scene	4
sky	4
jam	4
smash	4
h	4
btw	4
email	4
cd	4
hottest	4
site	4
bale	4
drink	4
combine	4
checking	4
cruz	4
breakout	4
yrs	4
problem	4
repeat	4
chapel	4
math	4
cundiff	4
sharpe's	4
era	4
gamble	4
fever	4
bang	4
bank	4
embarrassed	4
rocky	4
roxy	4
network	4
germany	4
blowing	4
hrt	4
di	4
happiest	4
runs	4
lexington	4
pushed	4
brad	4
easy	4
cont	4
watney	4
perform	4
hang	4
rain	4
she'll	4
nooooooooo	4
josh	4
beating	4
prayer	4
update	4
scores	4
battle	4
turns	4
market	4
dujardin	4
drop	4
en	4
opener	4
fb	4
ground	4
truly	4
madness	4
argentina	4
nandito	4
frankie	4
francis	4
cats	4
low	4
month	4
apologizes	4
apologized	4
takes	4
nine	4
todd	4
douglas	4
reason	4
mardis	4
lil	4
mobile	4
hyped	4
caltrain	4
international	4
throwing	4
buzz	4
anthony	4
thalia	4
bonus	4
poland	4
belgium	4
carlton	4
calgary	4
utd	4
fears	4
kansas	4
gf	4
queen	4
picked	4
circe	4
wit	4
wiz	4
hudson	4
isat	4
potus	4
negros	4
2-1	4
ben	4
fuel	4
gras	4
huntsville	4
netanyahu	4
dickens	4
nation	4
homework	4
nightclub	4
signed	4
woke	4
education	4
diego	4
andre	4
swap	4
clothes	4
campaign	4
jacob	4
loud	4
draft	4
gym	4
dog	4
folks	4
wearing	4
decided	4
brazil	4
lazy	4
casimir	4
website	4
sag	4
suppose	4
id	4
ako	4
kim	4
yours	4
royal	4
potential	4
preview	4
manager	4
okinawa	4
shotton	4
ahhh	4
growing	4
block	4
shoes	4
pitch	4
mail	4
mommy	4
texas	4
language	4
track	4
enter	4
lorenzo	4
wonder	4
reading	4
lopez	4
offered	4
sleeping	4
bottle	4
adams	4
facing	4
draw	4
aussie	4
fantasy	4
neighborhood	4
eye	4
share	4
goon	4
redknapp	4
members	4
supposed	4
slingers	4
simple	4
gay	4
monroe	4
error-ridden	4
ufc	4
ellen	4
maryland	4
body	4
honor	4
forest	4
laurin	4
dan	4
covina	4
harold	4
frank	4
iebc	4
georgetown	4
apparently	4
mic	4
pulaski	4
unless	4
selection	4
staff	4
including	4
bruno	4
passing	4
fca	4
bench	4
classical	4
hurricane	4
host	4
doesnt	4
shining	4
vikings	4
changed	4
shoot	4
danny	4
nite	4
gov	4
gop	4
nhl	4
unbroken	4
snow	4
pope	4
minnesota	4
report	4
wear	4
buzzing	4
metropcs	4
cherry	4
newcastle	4
discount	4
duke	4
gig	4
annoying	4
nj	4
papers	4
serious	4
dook	4
level	4
baseball	4
sat's	4
weird	4
athens	4
kerry	4
ballroom	4
estella	4
swing	4
ang	4
comp	4
direction	4
paris-nice	4
cash	4
blog	4
kasabian	4
wbb	4
pacific	4
deserve	4
finals	4
calls	4
odds	4
fam	4
ten	4
tea	4
design	4
stick	4
known	4
sandwich	4
putrajaya	4
carmelo	4
pray	4
bout	4
presented	4
health	4
tate	4
story	4
hip	4
rosa	4
roman	4
rave	4
ps	4
java	4
henson	4
highlight	4
abramovich	4
you'd	4
underwood	4
jayalalithaa	4
six	4
night's	4
related	4
wppi	4
hw	4
mumbai	4
words	4
tayside	4
rita	4
decent	4
istep	4
supply	4
carrie	4
smith	4
smart	4
knox	4
rare	4
van	4
bradley	4
incredible	4
bertuzzi	4
boom	4
prize	3
errors	3
thunder	3
fingers	3
hero	3
brings	3
feature	3
hop	3
imaaa	3
addicted	3
2day	3
alert	3
ate	3
nirvana	3
sheen	3
doors	3
tech	3
lpg	3
result	3
wtf	3
edgar	3
craig	3
irving	3
dave	3
child	3
chill	3
bobby	3
jane	3
khl	3
floor	3
nxt	3
tunes	3
drexel	3
belushi	3
loads	3
alone	3
prefer	3
bloody	3
fake	3
positive	3
films	3
allowed	3
filthy	3
sa	3
pulled	3
sd	3
chevy	3
punt	3
massive	3
spanish	3
future	3
sam	3
turner	3
warriors	3
average	3
axl	3
knoxville	3
anyways	3
surgery	3
comeback	3
polls	3
ive	3
segal	3
sixteen	3
aspects	3
brits	3
wiggins	3
leadership	3
meal	3
project	3
complete	3
pull	3
al	3
az	3
puppy	3
mass	3
original	3
returned	3
sang	3
small	3
clock	3
legend	3
pics	3
followed	3
gorgeous	3
door	3
mall	3
states	3
refuse	3
register	3
runako	3
trade	3
blacks	3
misses	3
imagine	3
number	3
walmart	3
fights	3
sell	3
plan	3
nasdaq	3
wayne	3
trey	3
currently	3
petrolia	3
kissing	3
ami	3
indonesian	3
australia	3
couple	3
richie	3
continue	3
partying	3
spring	3
vitali	3
deserves	3
colorado	3
katie	3
opens	3
link	3
posted	3
continues	3
gettin	3
popcorn	3
doubt	3
pre-order	3
lamb	3
22nd	3
kiss	3
truth	3
hilarious	3
surely	3
scary	3
ying	3
los	3
shorts	3
false	3
bioshock	3
thanksgiving	3
jay	3
meant	3
handle	3
listened	3
reid	3
nationwide	3
drug	3
malcolm	3
richards	3
eastbound	3
fielding	3
miesha	3
infinite	3
government	3
five	3
documentary	3
frustration	3
compared	3
matt	3
saved	3
wildcat	3
beach	3
riri	3
walgreens	3
somewhere	3
hooked	3
mvc	3
wasted	3
hammond	3
peyton	3
wu	3
kitchen	3
twitterverse	3
speak	3
ruffin	3
families	3
thursdays	3
confirmed	3
hand	3
redneck	3
tht	3
contact	3
edmonton	3
corsten	3
capt	3
cesena	3
stardust	3
pose	3
trophy	3
months	3
war	3
becoming	3
mysterious	3
mtv	3
ferrell	3
dying	3
interested	3
brothers	3
global	3
zone	3
rella	3
anonymous	3
lavigne	3
supporting	3
redskins	3
buck	3
marked	3
kurt	3
iditarod	3
et	3
shown	3
space	3
pittsburgh	3
begin	3
forever	3
31st	3
leicester	3
scoreboard	3
saints	3
trick	3
followers	3
favorites	3
charged	3
ca	3
lads	3
pst	3
mourinho	3
nuggets	3
2nite	3
miranda	3
prepare	3
jones	3
moves	3
building	3
deadline	3
streets	3
iran	3
trunk	3
arena	3
inspired	3
allderdice	3
autographs	3
stayed	3
tried	3
sneak	3
breitbart	3
committee	3
yr	3
bryan	3
stopped	3
korea	3
norwich	3
bash	3
cheering	3
scouts	3
carling	3
horse	3
station	3
clear	3
clean	3
pictures	3
woo	3
piss	3
makeup	3
adebayor	3
guide	3
fairey	3
ponting	3
accomplished	3
used	3
cleaning	3
older	3
obviously	3
praying	3
barack	3
damage	3
parade	3
idc	3
computer	3
russian	3
wicked	3
woohoo	3
boots	3
collins	3
manage	3
crossed	3
kenny	3
poetry	3
chiefs	3
brook	3
morton	3
attack	3
perfectly	3
bel	3
culture	3
defense	3
vengeance	3
brighter	3
overall	3
kong	3
cobham	3
horrible	3
kicking	3
hits	3
1-0	3
bullshit	3
library	3
amy	3
freedom	3
recognized	3
artists	3
goals	3
beats	3
eric	3
talkin	3
stan	3
protest	3
6pm	3
cofield	3
tips	3
pancakes	3
bike	3
recommend	3
wars	3
eurosong	3
third	3
fifa	3
crew	3
roast	3
hollywood	3
spoiler	3
maria	3
broadcast	3
don	3
bag	3
abs-cbn	3
ii	3
sacramento	3
kit	3
opportunity	3
thoughts	3
save	3
dreams	3
www	3
jupiter	3
burn	3
yelling	3
form	3
fireworks	3
chenoweth	3
palestinian	3
dies	3
babysitting	3
overdue	3
father	3
dig	3
talked	3
dealing	3
patriots	3
hong	3
olive	3
fly	3
tokyo	3
soup	3
oslo	3
mar	3
mac	3
wishing	3
tweets	3
earlier	3
goto	3
bringing	3
hurrraaaaah	3
advance	3
leshoure	3
eyes	3
topics	3
answering	3
shop	3
rating	3
bedside	3
corner	3
vita	3
singers	3
cancel	3
mars	3
middle	3
everyday	3
different	3
villas-boas	3
ahhhh	3
disappointed	3
broken	3
strip	3
jerusalem	3
diablo	3
imma	3
scout	3
defence	3
diaz	3
africa	3
del	3
acts	3
penn	3
easily	3
perry	3
flacco	3
eggs	3
nervous	3
luke	3
lion	3
visiting	3
donate	3
rosie	3
pissed	3
baltimore	3
dropping	3
mikel	3
solid	3
portugal	3
source	3
snap	3
jenelle	3
jimmy	3
bored	3
invite	3
murphy	3
favourite	3
israel's	3
putting	3
arrange	3
havent	3
joey	3
rivera	3
anthem	3
3d	3
others	3
presidents	3
trail	3
announce	3
afc	3
9am	3
chief	3
dat	3
mention	3
sexual	3
rex	3
reg	3
wolves	3
kelly	3
stranded	3
skinny	3
bear	3
timing	3
wembley	3
aj	3
finishes	3
claimed	3
ios	3
fucked	3
antonio	3
seats	3
happens	3
kristin	3
although	3
reminds	3
romney	3
keane	3
risk	3
streep	3
hide	3
ipod	3
kicked	3
hundreds	3
path	3
figure	3
mt	3
daft	3
ceremony	3
jlin	3
fall	3
ima	3
iowa	3
alex	3
onto	3
mercury	3
sta	3
ran	3
ray	3
laughed	3
rumble	3
plenty	3
random	3
amazon	3
countries	3
fault	3
rosedale	3
ruined	3
nns	3
na	3
nd	3
ryder	3
ron	3
meryl	3
yall	3
port	3
constitution	3
water	3
6-0	3
russell	3
wrecking	3
memory	3
prep	3
sessions	3
gears3	3
ferry	3
dropped	3
term	3
plans	3
returns	3
gives	3
releases	3
men's	3
alan	3
lmao	3
pre	3
marathon	3
connor	3
considered	3
ss4	3
wood	3
freaking	3
naked	3
hisd	3
review	3
arrival	3
duty	3
pop	3
poll	3
featuring	3
hardly	3
dahlia	3
reminder	3
events	3
nest	3
harrison	3
blow	3
kingdom	3
rammstein	3
mood	3
rising	3
christianity	3
valley	3
cabinet	3
jus	3
britain	3
krul	3
decisions	3
fab	3
rate	3
sub	3
tragedy	3
evelyn	3
flag	3
court	3
sucking	3
bigger	3
hawaii	3
expect	3
year's	3
kind	3
dana	3
stones	3
penalty	3
cartoons	3
wrote	3
flies	3
pr	3
teacher	3
ages	3
rip	3
rio	3
rim	3
viola	3
holidays	3
questions	3
jumps	3
intense	3
mcdonald's	3
extremely	3
lemon	3
simon	3
deals	3
goodies	3
chose	3
sort	3
carroll	3
rape	3
sis	3
sir	3
wrist	3
covered	3
nfc	3
rockets	3
yup	3
noticed	3
academy	3
boring	3
clemson	3
clip	3
looked	3
granny	3
pleased	3
combo	3
herald	3
local	3
11am	3
cole	3
superb	3
genius	3
mike	3
hmm	3
choices	3
member	3
happiness	3
press	3
murdered	3
throne	3
registration	3
fired	3
raining	2
yellow	2
hanging	2
rickman	2
founding	2
digit	2
regional	2
loathing	2
jasmine	2
reported	2
buddy	2
military	2
spoke	2
dnt	2
strike	2
successful	2
yahoo	2
absolute	2
comedians	2
beauty	2
turnovers	2
effective	2
playhouse	2
fix	2
lockout	2
payton	2
allah	2
ring	2
whip	2
rb	2
ian	2
atl	2
shipped	2
kfc	2
needed	2
madison	2
wisdom	2
haye	2
boston	2
rudolph	2
thrilled	2
mouth	2
letter	2
professor	2
prix	2
cousins	2
theme	2
vanessa's	2
blew	2
score	2
conceptual	2
glasgow	2
extend	2
cba	2
pregnancy	2
eastern	2
presidency	2
unloading	2
remembering	2
crusaders	2
memorial	2
voyager	2
ideas	2
previous	2
broncos	2
ideal	2
hat	2
hav	2
birth	2
ole	2
crowd	2
crows	2
billboard	2
creative	2
uma	2
umm	2
rematch	2
sos	2
step-by-step	2
halls	2
survive	2
nicest	2
proved	2
somebody	2
negotiations	2
protested	2
premieres	2
whoever	2
jerk	2
muscat	2
yards	2
wherever	2
angry	2
predictions	2
introducing	2
afford	2
oregon	2
fairfax	2
offense	2
sf	2
iqaluit	2
kanye	2
bowling	2
allstar	2
besides	2
eh	2
hooch	2
shawn	2
note	2
wanting	2
ironically	2
beyonce's	2
knee	2
slot	2
tears	2
hockey	2
priest	2
dome	2
pacers	2
underestimate	2
joongki	2
scholarship	2
blondes	2
dark	2
traffic	2
darn	2
postal	2
thinks	2
turkey	2
acc	2
industry	2
niall	2
neighbor	2
burning	2
apologize	2
technically	2
buying	2
rage	2
dirty	2
agree	2
exhausted	2
watches	2
aw	2
drafts	2
consider	2
ty	2
dressing	2
smile	2
te	2
appointment	2
large	2
breitbart's	2
vid	2
bank's	2
keeping	2
knocked	2
lucker	2
suggestions	2
browns	2
volleyball	2
westen	2
gaga's	2
gerald	2
tentatively	2
skipped	2
subtitles	2
1am	2
shocking	2
status	2
eve	2
owners	2
major	2
changing	2
heads	2
89th	2
singles	2
hawtin	2
accepting	2
gabe	2
ugh	2
uga	2
scorecards	2
they'd	2
fatale	2
insane	2
sec	2
sea	2
rite	2
barely	2
packing	2
belo	2
except	2
belt	2
hitting	2
fire	2
races	2
mln	2
forgetting	2
chase	2
virginia	2
knw	2
shitty	2
suffering	2
quest	2
thurman	2
ivan	2
senate	2
bounce	2
curious	2
russia's	2
bc	2
bj	2
bk	2
nowhere	2
canning	2
b'day	2
occupy	2
un	2
uh	2
imran	2
janowicz	2
chat	2
land	2
fighter	2
results	2
chillin	2
send	2
wipe	2
experiencing	2
they've	2
yayyy	2
odd	2
indian	2
bird	2
led	2
ctv	2
explain	2
thats	2
standing	2
recalling	2
illegal	2
touched	2
balls	2
animals	2
jailed	2
rode	2
loco	2
woodlands	2
counted	2
producer	2
persie	2
books	2
cesc	2
borderline	2
shut	2
grilled	2
barca	2
owner	2
nyse	2
sharon	2
depressing	2
studying	2
visa	2
segment	2
manchester	2
tape	2
jag	2
exchanges	2
oneil's	2
qtr	2
edition	2
horny	2
rams	2
co	2
cc	2
wth	2
poured	2
rioting	2
accident	2
android	2
pires	2
afghan	2
wen	2
arrest	2
crack	2
fools	2
garage	2
emmy	2
footage	2
literally	2
deciding	2
schedule	2
angeles	2
dixie	2
hehe	2
baptist	2
placed	2
monument	2
votes	2
edward	2
voted	2
women's	2
phones	2
preds	2
daughter	2
aka	2
postponed	2
highly	2
indians	2
prints	2
championships	2
disappoint	2
damaged	2
arch	2
greet	2
awful	2
highlights	2
albums	2
production	2
auction	2
touring	2
oxygen	2
rocks	2
dammit	2
champs	2
airs	2
fumble	2
dogs	2
rejected	2
toronto	2
forced	2
anatomy	2
claims	2
hanna	2
alumni	2
voting	2
cardinals	2
props	2
mtsu	2
chances	2
00pm	2
packages	2
ncaa	2
character	2
tons	2
sacha	2
relaxing	2
vernau	2
launches	2
thrash	2
raid	2
kept	2
musical	2
impression	2
insensitive	2
boxes	2
security	2
boro	2
critique	2
filming	2
asking	2
adorable	2
columbus	2
crystal	2
promises	2
reality	2
holding	2
flash	2
soooo	2
bravo	2
cost	2
uniform	2
carter's	2
appears	2
bucs	2
chesterfield	2
lmfaoooo	2
starring	2
prove	2
bowles	2
cat	2
hardest	2
topic	2
spc	2
write	2
osborne	2
whenever	2
typical	2
ended	2
birds	2
sexiest	2
non	2
hale	2
mbb	2
concerts	2
ek	2
kane	2
fires	2
cars	2
carl	2
british	2
24hrs	2
promotion	2
xo	2
xp	2
weds	2
mostly	2
television	2
investors	2
cma's	2
steady	2
discovered	2
maino	2
upgrade	2
pumpkin	2
husband	2
burst	2
ends	2
sport	2
blame	2
article	2
gangnam	2
learning	2
4-1	2
4-3	2
coolest	2
100th	2
gentlemen	2
poetic	2
buccaneers	2
daytona	2
valuable	2
touch	2
ps4	2
role	2
struck	2
gandhi's	2
psn	2
sundays	2
bellamy	2
willis	2
recorded	2
sixth	2
protests	2
area	2
tca's	2
moved	2
yoo	2
valid	2
forcing	2
poor	2
coren	2
3-0	2
tomorrows	2
carpet	2
danielle	2
mps	2
decide	2
louis	2
cookies	2
instagram	2
loose	2
forgive	2
tracks	2
shuffle	2
hurry	2
clarke	2
fc	2
syria	2
fm	2
overnight	2
sooo	2
committed	2
yu	2
heavy	2
beyond	2
bali	2
robert	2
pub	2
base	2
selling	2
bowen	2
translation	2
dtn	2
toward	2
sheeran	2
approves	2
kay	2
calling	2
heavens	2
cebu	2
alexander	2
harry's	2
micca	2
gloves	2
hype	2
statistically	2
understanding	2
30am	2
stein's	2
whatever	2
likes	2
dialogue	2
lived	2
lives	2
animated	2
pack	2
reads	2
whitstable	2
shan	2
youngsters	2
tvshow	2
clears	2
roasted	2
guaranteed	2
stein	2
11pm	2
economic	2
eating	2
rum	2
works	2
lieberman	2
crying	2
heritage	2
qbr	2
application	2
william	2
youtube	2
heats	2
gt	2
mcilroy	2
tweeted	2
baron	2
facebook	2
stiff	2
khalifa	2
waking	2
carted	2
download	2
plays	2
commercial	2
pancake	2
danger	2
camera	2
becomes	2
located	2
costume	2
mode	2
attending	2
latte	2
route	2
wikileaks	2
volstead	2
2-0	2
2-4	2
that'll	2
exhibit	2
truck	2
coke	2
aww	2
gallery	2
cimb	2
fafsa	2
anyway	2
nga	2
dangerous	2
grab	2
luv	2
mags	2
minds	2
admit	2
cynicism	2
slowly	2
oth	2
brunch	2
harden	2
campus	2
mistakes	2
lauren	2
femme	2
tn	2
headed	2
peter	2
wendy	2
careless	2
journal	2
chokes	2
mta's	2
celebrations	2
political	2
additions	2
hr	2
hs	2
ha	2
hf	2
hosting	2
display	2
bca	2
wooohoooo	2
asian	2
updated	2
upa	2
likely	2
pattinson	2
spokesman	2
meurs	2
oman	2
county	2
tweeps	2
type	2
vodka	2
homie	2
sideline	2
vma's	2
untill	2
minority	2
plies	2
fife	2
panthers	2
meat	2
martin's	2
lucy	2
bone	2
literature	2
dawn	2
dancer	2
ish	2
begins	2
pistons	2
modern	2
niece	2
regular	2
marie	2
alarm	2
lyrics	2
ending	2
nevada	2
coast	2
christopher	2
barlow	2
ban	2
ears	2
subject	2
cousin	2
yaay	2
programmes	2
tang	2
near	2
taster	2
anchor	2
seven	2
co-star	2
garlic	2
roma	2
yea	2
human	2
vanessa	2
tmrw	2
3pm	2
creighton	2
wwe	2
keeper	2
magazine	2
lied	2
cardiff	2
victorious	2
failure	2
fort	2
top-seed	2
sticks	2
adelaide	2
handed	2
digital	2
warehouse	2
felt	2
diet	2
fell	2
billion	2
jacket	2
themed	2
lynch	2
trended	2
vandemataram	2
specials	2
div	2
dis	2
favour	2
lennon	2
somalia	2
filled	2
boo	2
nat'l	2
teenage	2
reviews	2
staying	2
switch	2
jail	2
tall	2
terrace	2
listing	2
views	2
jaworski	2
xmas	2
nufc	2
crib	2
americans	2
law	2
plains	2
dislocating	2
voiced	2
shocked	2
bets	2
assault	2
larry	2
pump	2
rudd's	2
honesty	2
across	2
jr	2
killing	2
jb	2
according	2
among	2
considering	2
arts	2
capable	2
regionals	2
graveyard	2
promising	2
doctor	2
pac	2
oil	2
zulu	2
cboe	2
mob	2
audience	2
choir	2
seconds	2
tease	2
manuel	2
leaked	2
videos	2
strikers	2
president's	2
students	2
important	2
chris	2
worms	2
wooooo	2
norfolk	2
further	2
appreciating	2
stood	2
abs	2
public	2
thursday's	2
standard	2
simcity	2
rafa	2
espanyol	2
landed	2
den	2
numbers	2
awkward	2
cst	2
response	2
tweeting	2
dragon	2
coal	2
suffer	2
watsonville	2
association	2
2d	2
2c	2
they'll	2
commits	2
tok	2
mama	2
youth	2
contrary	2
confirms	2
couch	2
charr	2
ky	2
ruin	2
idiots	2
rampage	2
doubles	2
devils	2
forthcoming	2
retweet	2
tv's	2
restaurant	2
alot	2
hangout	2
slater	2
throughout	2
rivals	2
gas	2
whitney	2
prices	2
elections	2
century	2
assignment	2
y	2
homies	2
rebound	2
pep	2
pee	2
epic	2
laughing	2
z90	2
graduation	2
drama	2
lesson	2
scarlet	2
cure	2
yearbook	2
lena	2
papa	2
prepared	2
lent	2
desert	2
zags	2
lewis	2
joel	2
min	2
premiering	2
gordon	2
names	2
chi	2
butler	2
themselves	2
account	2
f	2
praise	2
closing	2
didnt	2
hampshire	2
stock	2
profile	2
collection	2
aniston	2
siu	2
lines	2
unofficially	2
dam	2
defend	2
mate	2
lecture	2
chicken	2
bama	2
whoop	2
cabin	2
explanation	2
nobody	2
transcript	2
photography	2
accord	2
brother's	2
progress	2
2pm	2
assure	2
comment	2
newscast	2
tyler	2
ak	2
fabregas	2
coz	2
helped	2
position	2
adv	2
lake	2
fyi	2
dubai	2
motorola	2
est	2
slight	2
panel	2
legendary	2
bowlers	2
davids	2
editing	2
shooting	2
pit	2
proceeds	2
claiming	2
xxx	2
semis	2
yell	2
eskom's	2
pride	2
venue	2
venus	2
direct	2
porto's	2
beaten	2
liberty	2
disney	2
zack	2
offs	2
hospital	2
tl	2
asses	2
muse	2
guarantee	2
tehran	2
badly	2
discounted	2
hip-hop	2
washing	2
explode	2
newly	2
marana	2
evil	2
correctness	2
primary	2
ankle	2
lunchtime	2
abc	2
treats	2
inspire	2
sage	2
pops	2
earth	2
delays	2
geez	2
twice	2
nut	2
finger	2
mum	2
boss	2
participating	2
faces	2
looters	2
bathroom	2
trina	2
confident	2
olympic	2
maya	2
cycle	2
laptop	2
grader	2
judge	2
advanced	2
timmonsville	2
offices	2
amos	2
proudly	2
malaysia	2
clubs	2
finna	2
cny	2
en's	2
cowboy	2
rounds	2
solar	2
removed	2
duratma	2
ramlila	2
trio	2
ne	2
ng	2
neighbors	2
skyfall	2
trend	2
confused	2
healthier	2
parties	2
msn	2
msg	2
chocolate	2
streak	2
counting	2
dope	2
crashed	2
heartbreaking	2
avengers	2
worship	2
blocked	2
offers	2
saban	2
bath	2
realise	2
begun	2
obsession	2
robertson's	2
america's	2
kent	2
eagle	2
hull	2
previews	2
xfactor	2
yur	2
given	2
huh	2
dining	2
betrayal	2
freshman	2
cleared	2
icon	2
jakarta	2
written	2
embry-riddle	2
regarding	2
jokes	2
pants	2
apologies	2
fails	2
ways	2
amen	2
charters	2
attn	2
region	2
groundhog	2
chardon	2
minister	2
shops	2
kingsburg	2
reminded	2
weed	2
desolate	2
gavin	2
huhuhuhu	2
fridge	2
furniture	2
birthdays	2
recalls	2
classmates	2
o2	2
paralysis	2
tribe	2
communication	2
alleges	2
jun	2
felix	2
cbs	2
pre-season	2
roses	2
trash	2
cordless	2
derrick	2
missouri	2
lack	2
fat	2
focus	2
sony	2
salute	2
cinemas	2
guns	2
exited	2
embarrassing	2
explains	2
goat	2
emmanuel	2
mission	2
isnt	2
argentine	2
hunter	2
characterizes	2
4pm	2
thrown	2
coaches	2
unhealthy	2
regret	2
leading	2
storm	2
option	2
celtic	2
luckily	2
5-star	2
uniforms	2
finding	2
judas	2
measures	2
seasons	2
arc	2
consecutive	2
watchin	2
groups	2
reasons	2
pa	2
pg	2
ph	2
pl	2
referee	2
georgia	2
higher	2
tables	2
finder	2
message	2
safest	2
streaming	2
enrile	2
window	2
kick-off	2
consist	2
pres	2
z	2
freak	2
warning	2
rainy	2
backs	2
problems	2
meaning	2
posters	2
remix	2
vick	2
buffalo	2
issues	2
murdoch	2
bdr	2
bethnal	2
asap	2
frog	2
clever	2
colvin	2
islamabad	2
pad	2
carrow	2
sit	2
camilla	2
attend	2
hahahaha	2
unmasked	2
wr	2
holiday	2
trap	2
bills	2
couldnt	2
category	2
zimmerman	2
packers-saints	2
waterloo	2
electoral	2
agreed	2
planning	2
fear	2
q3	2
filmed	2
awww	2
view	2
closer	2
ability	2
joy	2
curls	2
liverpool	2
verizon	2
cypress	2
perhaps	2
sheen's	2
promo	2
romeo	2
beast	2
lobby	2
chattanooga	2
should've	2
rocked	2
aguero	2
nicks	2
stopping	2
monthsary	2
attractive	2
scared	2
leader	2
mitt	2
pottstown	2
swear	2
owl	2
apps	2
kidding	2
atkinson	2
ed	2
below	2
incredibly	2
myking	1
galactica	1
what'a	1
friend's	1
aggression	1
payoff	1
27-12	1
electricity	1
shating	1
14kt	1
tingle	1
lori	1
lord	1
bucha	1
screaming	1
oooh	1
elmbridge	1
miller	1
agreement	1
avery	1
china	1
dorm	1
uplifting	1
controversy	1
snowing	1
karim	1
pairings	1
criticism	1
summons	1
brought	1
madoff	1
stern	1
univ	1
dna	1
catchh	1
e2	1
hols	1
donnnn	1
hole	1
locked	1
pursue	1
locker	1
concepts	1
triple	1
wank	1
organized	1
currency	1
hof	1
hoe	1
complaining	1
hoo	1
travel	1
hou	1
yum	1
gaming	1
cyinn	1
housemate	1
siberia	1
dueeetttttt	1
sylvain	1
romper	1
fairey's	1
__	1
senators	1
4days	1
fir	1
rankings	1
hidden	1
fhm	1
lambert	1
effects	1
saddened	1
rumour	1
liberalised	1
readyy	1
horton	1
dumps	1
viggle	1
jay-z	1
financial	1
telescope	1
woes	1
we'd	1
displeased	1
petrolia's	1
smu	1
dsu	1
smp	1
rg	1
ra	1
rm	1
millions	1
ofcourse	1
rented	1
dracula	1
mcclean	1
assures	1
elsewhere	1
muscling	1
knit	1
10-5p	1
competes	1
action-packed	1
ostend	1
ath	1
scruff	1
silicon	1
musicians	1
speedy	1
competed	1
sahs	1
overtaken	1
channels	1
wash	1
ulo1svp5	1
whorehouse	1
rona	1
tom's	1
listed	1
hiya	1
rewards	1
canned	1
oingo	1
crawl	1
carrick	1
saeed	1
tree	1
10x	1
nations	1
shower	1
tcaformiley	1
runner	1
aapl	1
concordia	1
hub	1
racers	1
recommended	1
causing	1
randle	1
chaplains	1
conceded	1
macbook	1
thriller	1
emailing	1
infinity's	1
drunks	1
mating	1
nominated	1
effn	1
lessons	1
touches	1
guernville	1
became	1
headline	1
wastewater	1
cupid	1
mens	1
cougar	1
plata	1
waaaaaay	1
dhir	1
net	1
unfortunately	1
increasing	1
nicely	1
epsdes	1
isreal	1
disaster	1
rglll	1
pressured	1
rings	1
chickfila	1
discipline	1
nature	1
smelled	1
youlve	1
mek	1
downgrade	1
roller	1
planner	1
pits	1
lookin	1
hated	1
argue	1
honouring	1
vain	1
matty	1
ayyyyye	1
diff	1
blonde	1
fema	1
contestants	1
pregame	1
fro	1
frm	1
frl	1
anythng	1
fry	1
romo's	1
spit	1
ariana	1
ani	1
boardroom	1
pandering	1
haters	1
rodriquez	1
kifs	1
castro	1
2wks	1
droppin	1
lavigne's	1
ginobli	1
tzu	1
anticipating	1
recover	1
zionsville	1
mbaaah	1
2wee	1
batting	1
whitecaps	1
elliott	1
zoya	1
marched	1
dontari	1
ruskin	1
vice-president	1
academic	1
booyah	1
sleeps	1
sleepy	1
cumbria	1
hai	1
han	1
innocent	1
prison	1
haw	1
casually	1
bathrms	1
disagreement	1
2-4pm	1
unique	1
awaitrt	1
remind	1
aaaahhhh	1
enemies	1
fot	1
attendees	1
bottom	1
disiplina	1
individuals	1
stylish	1
filipino	1
citizens	1
8yrs	1
vilma	1
palestinians	1
klingler	1
raised	1
maxwell	1
marshall	1
mocha	1
thankful	1
mangos	1
wrap	1
shoots	1
halle	1
avail	1
tele	1
definatly	1
launching	1
30s	1
offer	1
romandie	1
demetria	1
inside	1
vanguard	1
fraundley	1
smashed	1
palm	1
duet	1
loveteam	1
tannehill	1
implications	1
mccreary	1
farrackhan	1
proves	1
elon	1
accounting	1
posting	1
relay	1
htown	1
riverview	1
jenkins	1
59th	1
edom	1
rehearsing	1
outage	1
outttt	1
devon	1
kroger	1
cincinnati	1
chain	1
osu	1
skiing	1
chair	1
muppet	1
vet	1
vex	1
veterans	1
downloading	1
olympus	1
embark	1
gloomy	1
90-84	1
jaylon	1
ollie	1
meadow	1
sigh	1
heavyweight	1
shirts	1
decemember	1
puckett	1
falling	1
hrt's	1
temperatures	1
drafted	1
april's	1
honour	1
bi	1
address	1
shreddie	1
neville	1
woop	1
soilder	1
cervantes	1
falcao	1
reclaim	1
canio	1
ipt	1
kneehigh's	1
grandpa's	1
jets-texans	1
papal	1
explicitly	1
unjust	1
clitoris	1
visual	1
everywhere	1
goodell	1
deserved	1
heineken	1
originally	1
blackburn	1
believes	1
printing	1
nta's	1
listens	1
cmas	1
unintentional	1
s3	1
divided	1
pre-bedtime	1
thanking	1
fps	1
rewatched	1
provincial	1
blasting	1
roma's	1
applications	1
sats	1
natural	1
conscious	1
sr	1
si	1
sh	1
sn	1
se	1
bush	1
kanyi	1
lovelies	1
tore	1
torn	1
clubbing	1
attraction	1
matches	1
obama's	1
housemates	1
tipoff	1
revert	1
quartet	1
beloved	1
stacie	1
breakthrough	1
rounding	1
astray	1
internet	1
formula	1
hibernate	1
sheffield	1
re-release	1
grandma	1
___	1
brasil	1
journolist	1
gaff	1
puns	1
emotion	1
saving	1
3-5pm	1
walk-in	1
custom	1
wrath	1
isaiah's	1
gyllenhaal	1
stifled	1
bbb	1
cite	1
karachi	1
snatch	1
ashwni	1
mel's	1
laxing	1
omegapharma-quickstep	1
rival	1
prospect	1
10-11	1
maino's	1
usaaf	1
saf	1
sax	1
allen	1
30-mile	1
aside	1
15pm	1
omfg	1
jefferson	1
coincide	1
infinite's	1
pages	1
butterworth	1
phil	1
federal	1
us-style	1
cobra	1
wynn	1
video's	1
dunkface	1
aggressive	1
skipety	1
outrage	1
congressional	1
dispute	1
assistant	1
condemning	1
gazette	1
freezing	1
southside	1
hooper	1
prime	1
sowerbutt's	1
bombs	1
worries	1
buttler	1
marlene	1
emme's	1
wusb	1
vaccines	1
gaurika	1
second-place	1
outclassed	1
teens	1
welcomes	1
jumper	1
bolt's	1
ue	1
dixieland	1
spark	1
rhodes	1
sweat	1
manc	1
residency	1
sdmas	1
gridiron	1
anthropologie	1
karthikeyan	1
twin	1
anti	1
considers	1
caring	1
plantation	1
armstrong	1
stretch	1
collided	1
oberst	1
d'oh	1
influence	1
nohle	1
300s	1
tribal	1
apollonia	1
hayes	1
stupidest	1
gregurovic	1
wp8	1
internets	1
brow	1
toronto's	1
mixtape	1
brom	1
yids	1
gesell	1
missiles	1
rooting	1
data	1
juvederm	1
patfull's	1
callow	1
wolrd	1
milansofficial	1
cheers	1
bulletproof	1
barber	1
intended	1
marussia	1
cheery	1
costa	1
tracking	1
sum1	1
weekly	1
stepchild	1
300kg	1
hve	1
awol	1
snare	1
clues	1
stranger	1
homeroom	1
rachael	1
beverly	1
satisfactory	1
superintendent	1
replays	1
grup	1
poe	1
there'll	1
memories	1
ac3	1
evolt	1
vintagenow	1
scrum	1
throwback	1
amitabh	1
stone	1
acm	1
jasper	1
pre-ordered	1
bubbly	1
how's	1
hes	1
lounging	1
3-4pm	1
57th	1
heb	1
mdc	1
heh	1
benedict	1
evalesco	1
plunking	1
clones	1
texted	1
unveils	1
gong	1
munde	1
accents	1
walks	1
crean	1
yoga	1
hella	1
yaaayy	1
soxs	1
indah	1
shaun	1
photies	1
gillie	1
slant	1
tiwary	1
terry	1
city's	1
adam	1
cps	1
tomgrant	1
monterey	1
caused	1
instincts	1
llani	1
tours	1
recaps	1
tx	1
tamil	1
tt	1
tail	1
tm	1
tf	1
midwest	1
tc	1
ta	1
lirik	1
merril	1
inmarsat	1
labor	1
joined	1
pbc	1
pbb	1
mm's	1
maggie	1
slayor	1
anniversity	1
richard	1
disruptions	1
headlamps	1
pack's	1
corker	1
nurse	1
contrast	1
ulit	1
smartest	1
biebs	1
compliance	1
pico	1
sweetness	1
day's	1
sherbet	1
on't	1
gosh	1
mort	1
morn	1
befitting	1
jjang	1
spoilt	1
tees	1
touchpad_	1
saha	1
mobwives	1
science	1
klo	1
hotspur	1
male	1
davlar	1
avril's	1
scam	1
cosmic	1
pessim	1
biden	1
scar	1
respective	1
xxxx	1
dismissed	1
gotsa	1
earnings	1
upto	1
anoint	1
pinter	1
mended	1
howards	1
funday	1
rowdy	1
broadcasting	1
4od	1
fundamental	1
wooooooooaaaaaaaaaaaaaaaaahhhhhhhhhhhhhhhhhhhhhhhhh	1
rottweiler	1
mexican	1
signs	1
smiling	1
roots	1
astrology	1
bummed	1
bangla	1
wrh	1
alls	1
bummer	1
nifty	1
travelling	1
preaseason	1
ally	1
sisters	1
tinie	1
cudi's	1
olivia	1
hotdogs	1
lolokohin	1
purdue	1
nauseous	1
mallorca	1
uploads	1
bends	1
scribe	1
fts	1
research	1
ftd	1
highway	1
w8j9stx1	1
better-storyline	1
qualify	1
sturridge	1
director	1
sytycd	1
lego	1
lawsuits	1
sinclair	1
slipped	1
preservation	1
celeb	1
fall-isn't	1
ironing	1
jer	1
leverage	1
introduction	1
swipe	1
threatening	1
deeafro	1
meisha	1
erupted	1
northbound	1
headl	1
unrealistic	1
legs	1
iranian	1
mcfly	1
determined	1
emirates	1
aap	1
sela	1
commemorates	1
o'day	1
wat	1
hour's	1
gubbay	1
jacinto	1
plax	1
jerzy	1
ztra	1
sjoekoe	1
exo	1
doubts	1
hamid	1
despise	1
tottenhams	1
defended	1
freight	1
defender	1
impact	1
writer	1
distance	1
dependent	1
sunny	1
preparing	1
reporters	1
frightening	1
enemy	1
progressive	1
incapacitated	1
ahhhhh	1
rfc	1
croatia	1
river	1
sep	1
appalachian	1
jade	1
activists	1
backfire	1
sips	1
sen	1
mario	1
europa	1
sampled	1
thorbjornsen	1
incident	1
unapologetic	1
radamel	1
opat	1
sadat	1
loaf	1
half-price	1
smashing	1
scallop	1
leos	1
novosti	1
townhouse	1
sammy	1
acceptance	1
champion	1
nrl	1
charrish	1
awake	1
forza	1
mlb	1
budget	1
admire	1
pressed	1
adhitia	1
owes	1
coca-cola	1
germany's	1
superriors	1
barnet	1
rules	1
economy	1
wasteland	1
wcac	1
particulalry	1
inferno	1
defeat	1
rdm	1
viewing	1
levels	1
nickname	1
stack	1
sat-sun	1
euro	1
kno	1
elen	1
xnzn11md	1
theatres	1
clearance	1
miliband	1
saadra	1
stunt	1
forrest	1
surprises	1
eager	1
stuns	1
sydney	1
hooters	1
c-bomb	1
kremlin	1
mcgraw	1
autodrafted	1
pals	1
bouncy	1
d3gwqrgi	1
badhabitz	1
bs	1
carol	1
analysing	1
cmag	1
fouls	1
favor	1
melbourne	1
hi-lites	1
clinton	1
recreate	1
appropriate	1
lebron	1
span	1
sneaky	1
rucks	1
u2	1
spay	1
bridesmaids	1
creosote	1
yeeeah	1
pastor	1
t-shirt	1
coldest	1
nieces	1
ut	1
sleepers	1
faded	1
yelled	1
lecbtisi	1
chad	1
showtime	1
haunt	1
comming	1
troublemaker	1
phantom	1
uranium	1
tjff	1
bobbing	1
heebie	1
revision	1
lashing	1
nation-leading	1
walcott	1
summit	1
dot	1
sleep-in	1
bvr	1
hampton	1
code	1
partial	1
illustrates	1
113th	1
existing	1
huddlestone	1
luxembourg	1
freakin	1
slaniesse	1
archdiocese	1
turkish	1
concerned	1
vodka-fug	1
stylestalker	1
wxvobdek	1
dislike	1
uploaded	1
journo	1
cmie	1
marry	1
pout	1
bemoans	1
recruitment	1
lolla	1
shivers	1
bestfriends	1
twins	1
scenery	1
lutheran	1
79th	1
louisa	1
sk8er	1
technical	1
involved	1
rdy	1
eatin	1
opinion	1
torchlight	1
rushers	1
certificate	1
babe	1
194days	1
pick-six	1
iain	1
customer	1
athlete	1
thik	1
unknowns	1
worksheet	1
perfecting	1
slip	1
process	1
lock	1
paws	1
hookie	1
ayariga	1
intelligent	1
blocks	1
tied	1
paintball	1
fits	1
reggie	1
tomato	1
counter	1
realizes	1
classy	1
entrechat	1
martindale	1
er	1
hotcakes	1
smoove	1
7-year-old	1
shola	1
b2st	1
garg	1
derivative	1
gotham	1
cuss	1
cust	1
ingat	1
geddit	1
garner	1
presidential	1
wrangler	1
sniffing	1
haley's	1
mets	1
exacerbated	1
doink	1
alejandro	1
wattup	1
disco	1
matrix	1
tuyo	1
dominated	1
perish	1
graze	1
blocky	1
clearwire	1
godfrey	1
backless	1
chilly	1
pigs	1
1st-team	1
kendall	1
blown	1
2ue	1
owned	1
3days	1
fuckers	1
system	1
interests	1
co-presenting	1
despertar	1
grandpa	1
botox	1
chong	1
haven	1
wahhh	1
warfare	1
sufjan	1
bother	1
tortured	1
starz	1
fanbase	1
gentle	1
hellllll	1
clearly	1
viewed	1
lile	1
labrinth	1
dishes	1
hangover	1
fgye	1
korean	1
manor	1
ramos-horta	1
caputo	1
aishwarya's	1
device	1
joe's	1
dematha	1
otps	1
stronger	1
ascot	1
brew	1
painting	1
atmosphere	1
scotty	1
bedroom	1
brink	1
redirect	1
taps	1
pause	1
printers	1
sylvia	1
jae	1
crooklyn	1
sweetie	1
rt'd	1
katharine	1
doubtful	1
14-2-12	1
abby	1
hallows	1
aet	1
intermission	1
ohio	1
superstars	1
guessing	1
frame	1
postive	1
goddard	1
pistol	1
lmfaoasdfghjklomg	1
keynote	1
explosive	1
3rd-round	1
marty	1
invited	1
ramp	1
bristol	1
cj	1
ci	1
ch	1
cm	1
cl	1
cb	1
ce	1
distin	1
oakland	1
3pts	1
ct	1
genetic	1
gooie	1
thetas	1
tricey	1
graphics	1
atlanta	1
c4	1
runway	1
thard	1
groin	1
archie	1
snack	1
veldheer	1
britains	1
rnds	1
vt	1
sherlock	1
likeeeeeeeeee	1
tahir	1
romance	1
matthew	1
gibbs	1
raymond	1
emotionally	1
upon	1
forecasts	1
moon-sun	1
identity	1
alresford	1
colour	1
indonesia	1
howard's	1
audio	1
newest	1
bananas	1
moments	1
loeb	1
clocks	1
glue	1
web	1
presley's	1
baages	1
fairies	1
compex	1
gambling	1
hehehehe	1
headey's	1
emma	1
chairs	1
t-mac	1
patrick's	1
amendment	1
12pm	1
sunderland	1
flush	1
narda's	1
dagg	1
60s	1
afterwork	1
passion	1
forgiven	1
blurry	1
castrate	1
finale	1
stags	1
rg-3	1
pressure	1
imaginary	1
includes	1
puts	1
stuverud	1
seeds	1
cutoms	1
swimming	1
alliance	1
letters	1
turiaf	1
merr	1
catherine	1
commitment	1
luna	1
pairing	1
spots	1
bump	1
runman	1
naturally	1
138bpm	1
suits	1
fascinator	1
delivery	1
lowered	1
society	1
smooth	1
yuki	1
irish	1
int	1
recognize	1
inq	1
colloccini	1
diggy	1
nonetheless	1
trials	1
hpw	1
lately	1
in2	1
badass	1
inspiration	1
baybeeee	1
flyyyy	1
morton's	1
haterz	1
rule	1
ticketek	1
lestar	1
rep	1
womans	1
saver	1
saves	1
stinks	1
voter	1
pti	1
punjab	1
wohooo	1
regal	1
aurora	1
penny	1
sheridan	1
manic	1
car-free	1
waterlogged	1
rrfp	1
upload	1
humidity	1
triumph	1
double-bill	1
eagels	1
chea	1
pts	1
gamedev	1
above	1
scumbag	1
wrapping	1
richest	1
pursuit	1
stresses	1
items	1
employees	1
foolishness	1
aki	1
fool's	1
smoke	1
shreveport	1
brb	1
kobayashi	1
negative	1
comcast	1
halo-halo	1
maccyd	1
tryin	1
renovations	1
skeumorphism	1
destructo	1
must've	1
wore	1
jess	1
eclipse	1
worn	1
tnf	1
erm	1
waitse	1
chancellor	1
indies	1
centre's	1
aaah	1
yaaaay	1
tornadoes	1
recovery	1
provide	1
crumbs	1
nuts	1
debauchery	1
ordinary	1
pizza	1
lal	1
lah	1
coined	1
lab	1
lax	1
lay	1
8-5	1
hahahahahahaha	1
67-65	1
greek	1
nba's	1
single-vehicle	1
slisten	1
zen	1
satisfied	1
mayor	1
staples	1
harmony	1
theo	1
safi	1
pjd	1
shameful	1
bread	1
alexis	1
cinemonkeys	1
fearsomely	1
carlos	1
lifted	1
councils	1
braiding	1
crimes	1
leadup	1
wlmxrhfu	1
sunee	1
forte	1
hogan	1
barrier	1
hung	1
mourning	1
admits	1
nth	1
vets	1
people's	1
monkey	1
mvp	1
created	1
ordering	1
panettiere	1
pre-orders	1
hamstring	1
ronge	1
sixers	1
tongan	1
mi1trulp	1
dogg	1
seduction	1
damaging	1
41year	1
gadkari	1
maximizing	1
target	1
tavern	1
hike	1
scenes	1
domestics	1
lulz	1
assange's	1
manner	1
terrif	1
anysing	1
rockwell	1
marcy	1
subjects	1
pilgrimage	1
circles	1
re-enforcing	1
bruce	1
maddd	1
flops	1
deeply	1
reserve	1
rascal	1
greenville	1
nephew	1
guidance	1
hrs	1
rip_chords	1
screening	1
personality	1
dm	1
dk	1
goa's	1
haunted	1
pearson	1
nod's	1
squeeing	1
children's	1
16-4	1
steak	1
steal	1
steam	1
lemonade	1
4-11	1
discussions	1
o_o	1
xddd	1
pastel	1
2's	1
timmonsville's	1
pfff	1
unable	1
cooperation	1
aphex	1
wo	1
wk	1
wi	1
ww	1
wt	1
ws	1
admirals	1
flashes	1
cop	1
cos	1
rfa01cr5	1
cow	1
coy	1
cuntsniff	1
coc	1
marsalis	1
brah	1
col	1
tong	1
toni	1
buffett	1
estaban	1
zomour	1
attacked	1
fest	1
whelan	1
b-day	1
aid	1
35th	1
launched	1
skipping	1
dizzy	1
hebrew	1
coni	1
b's	1
holloween	1
bunny	1
nih	1
traffod	1
nia	1
alcoyano	1
fuse	1
nip	1
hopping	1
thx	1
thi	1
kinship	1
athletic	1
quotes	1
pondok	1
adding	1
steptoe	1
belongs	1
gregg	1
retreat	1
cooler	1
tebow	1
theyre	1
honored	1
lashes	1
dedicating	1
productions	1
jeffery	1
forgotten	1
denies	1
congratulate	1
phenomenal	1
comments	1
valverde	1
participation	1
peek	1
pls	1
mascherano	1
shogun	1
peed	1
huffingtonpost	1
sadiq	1
poss	1
woweee	1
rallying	1
diner	1
tonights	1
kumasi	1
pineapples	1
wasting	1
pays	1
delighted	1
gearing	1
balanced	1
strangely	1
amidst	1
sally	1
innovators	1
overjoyed	1
rudimental	1
jaron	1
griffen	1
high-quality	1
markets	1
mtl	1
emotional	1
rialto	1
leaf	1
hotter	1
ladybug	1
archive	1
physical	1
haaamaaazing	1
fairground	1
scorer	1
omega	1
caraway	1
faze	1
affidavit	1
matlock	1
concept	1
impress-you	1
switched	1
silverware	1
grateful	1
spectaculathon	1
rhythm	1
jogged	1
supported	1
3am	1
hannah	1
seemingly	1
liability	1
kitten	1
blast	1
gud	1
fragile	1
turnt	1
gut	1
brave	1
htb	1
wotm	1
curse	1
medal	1
appeal	1
budgets	1
unsure	1
dethklok	1
hadn't	1
hoops	1
patriotic	1
country's	1
hiking	1
state-side	1
atrocious	1
fbi	1
riannon	1
bury	1
pmpc	1
q-tea	1
chicagoans	1
commissioner	1
clue	1
graphic	1
decked	1
cap	1
cam	1
niggah	1
stimulating	1
hears	1
recalled	1
birdcage	1
spm	1
capsules	1
pardew	1
5-8pm	1
fuming	1
fortunately	1
exceptional	1
trophies	1
ice-skating	1
brown's	1
sp1	1
aol	1
dx3	1
diva	1
heroes	1
nomination	1
explicit	1
golfer	1
dishonoured	1
serving	1
playful	1
sub-grid	1
acknowledge	1
reacting	1
broadcasts	1
tjo	1
discuss	1
servant	1
streetfm	1
whispers	1
unloaded	1
el	1
yeaa	1
grouse	1
cairo	1
eg	1
directing	1
eb	1
goose	1
shouldnt	1
buzzcocks	1
yeay	1
pills	1
irony	1
rebuilding	1
act's	1
carr	1
cart	1
rebel	1
marina	1
e4	1
obligation	1
honest	1
planet's	1
styles	1
zan	1
tennis	1
striking	1
gangs	1
blink	1
impossible	1
xv	1
size	1
erotic	1
sheet	1
carson	1
juge	1
tragic	1
thay	1
cornwall	1
airasia	1
x2	1
quad	1
x1	1
kabob	1
x5	1
seuss	1
travis	1
recruit	1
optimism	1
gobble	1
slay	1
reno'd	1
correction	1
crossover	1
slam	1
stash	1
anger	1
emmylou	1
wcq	1
veteran	1
equipment	1
wcc	1
nalang	1
switchfoot	1
seunggi	1
michelle	1
professional	1
filing	1
rambling	1
german	1
mains	1
fifty	1
yeeeaah	1
enriched	1
nexts	1
lthurvaw	1
grossing	1
2ne1	1
braehead	1
icarly	1
disabled	1
homegrown	1
leather	1
knock2bag	1
everything's	1
theloniousstudios	1
actively	1
concern	1
israeli	1
extragalactic	1
psat	1
hosmer	1
colours	1
morales	1
notice	1
ahsaan4u	1
prettiest	1
hunting	1
pluck	1
armenian	1
hurts	1
talented	1
lulwhuuuut	1
riko	1
jeans	1
disgrace	1
punisher	1
cycling	1
rihan	1
cared	1
toss	1
tulfo	1
nikon	1
hisd's	1
head-achy	1
ruby	1
hodgson	1
4-0	1
4-2	1
4-5	1
4-9	1
valeri	1
chinatown	1
eid	1
editorial	1
scum	1
exist	1
rahma	1
canceled	1
l's	1
develop	1
extravaganza	1
closest	1
enjoyment	1
foam	1
reigning	1
howay	1
interresting	1
agreeing	1
gate-cra	1
gillard's	1
taxi	1
redpacket	1
toby	1
shouts	1
jauh	1
greetings	1
ps3	1
desktop	1
verse	1
riri's	1
treatment	1
momentum	1
amo	1
marcus	1
t-bone's	1
amc	1
calendars	1
psy	1
using	1
pounds	1
sreven	1
miracle	1
opry	1
dancefloor	1
garret	1
legazpi	1
willie	1
ramdev's	1
assembly	1
racism	1
epsom	1
habs	1
tdf	1
gonzaga's	1
assemble	1
leftover	1
brighton	1
ideology	1
tremendous	1
mugging	1
sry	1
brrrr	1
outlook	1
heated	1
jayron	1
somerset	1
treble	1
booooooo	1
leach	1
jafar	1
delayed	1
feather	1
fraud	1
stanford	1
default	1
sadness	1
it'd	1
intents	1
b-24	1
sales	1
midweek	1
10-under	1
salei	1
innings	1
top's	1
bettyvirginia	1
lopez's	1
podium	1
poof	1
coverage	1
pooh	1
3-7	1
3-6	1
apathy	1
macdougal	1
monta	1
davies	1
cameron	1
wjct	1
religious	1
zuckerman	1
icons	1
wmc	1
safety	1
goodson	1
1pm	1
horror	1
mph	1
souls	1
congenial	1
fansite	1
higgins	1
lazio	1
thaaaat	1
plain	1
study	1
throbbing	1
colossal	1
capellas	1
ita	1
bass	1
twinkees	1
witnessed	1
scorching	1
mf	1
emotions	1
jedi	1
scallops	1
edited	1
soundwave	1
selective	1
yummy	1
creepy	1
amount	1
arent	1
rory	1
o-line	1
hoge	1
mallin	1
donnie	1
chunks	1
sauber	1
hapless	1
khan	1
answered	1
nialler	1
48-38	1
swick	1
lowering	1
remixes	1
cumhuriyet	1
surprisingly	1
instrumental	1
stuckey	1
broke	1
hicksville	1
offender	1
hermione	1
cortese	1
nippy	1
afte	1
zylona	1
freewheelin	1
dasia	1
philip's	1
elite	1
kolchak	1
idaho	1
tulisa	1
ft	1
fx	1
fa	1
ff	1
odd's	1
wld	1
0ct	1
bashing	1
liquidambar	1
ego	1
banks	1
wildwood	1
plus-minus	1
cyclists	1
highlighted	1
saleem	1
absence	1
heros	1
2nd-best	1
yn	1
2yrs	1
ye	1
lchris-rockz	1
reflected	1
foot	1
swapping	1
united's	1
limassol	1
fully	1
freebies	1
debagged	1
mariner	1
32pm	1
referred	1
city2surf	1
pamper	1
blank	1
haley	1
wacky	1
democrat	1
evens	1
todo	1
hooray	1
plzzzz	1
dominates	1
marcia	1
jolly	1
hayden	1
settle	1
fountain	1
expansive	1
wisest	1
inert	1
beres	1
presentating	1
labs	1
brightest	1
speculation	1
launch	1
expecting	1
elder	1
visions	1
banana	1
boruc	1
tricounty	1
boredom	1
padstow	1
racetrack	1
apprentice	1
grocery	1
squeaky	1
bf's	1
ducks	1
ecuador	1
sty	1
sentenced	1
charlotte	1
macau	1
texans	1
wasnt	1
lie	1
bcwmh	1
flaming	1
cava	1
liz	1
caliber	1
aishwarya	1
kak	1
quote	1
freddie	1
approved	1
5-4	1
her's	1
blend	1
shoutout	1
surrey	1
medusa	1
aaaaand	1
booze	1
stalker	1
flicked	1
echorev	1
jeffersonville	1
tomrw	1
circle	1
phs	1
okc's	1
trees	1
footballers	1
workouts	1
catcher	1
withdrawal	1
prague	1
456th	1
bethlehem	1
breast	1
gravitation	1
unluckiest	1
2morw	1
should'nt	1
mega	1
memorized	1
cashing	1
sensitive	1
bots	1
asikkk	1
header	1
linux	1
vessel	1
rebate	1
gwapo	1
tailgates	1
syncing	1
sanders	1
ada	1
intriguing	1
socialist	1
battling	1
rope	1
pace	1
ought	1
abbott's	1
loop	1
petal	1
jpc	1
amfm	1
skype	1
albany	1
shap	1
sliders	1
conflict	1
hallway	1
temporary	1
bon	1
ratings	1
levitan's	1
uses	1
oneida	1
mobo	1
grossly	1
eonni	1
coup	1
cave	1
reviewed	1
distanced	1
taiwan	1
procrastinating	1
nikki	1
0-11	1
coloccini	1
marco	1
wookiee	1
andito	1
overthrown	1
banjo	1
risked	1
inviting	1
submission	1
signal	1
toyota	1
strife	1
eek	1
adulterous	1
lipa	1
brakes	1
scriptwriter	1
admitted	1
kaliyah	1
qatar	1
beeyotch	1
boy-band	1
quickly	1
foley	1
laker	1
assists	1
redundancies	1
raspberry	1
benfica	1
good-humored	1
in-depth	1
awwww	1
onert	1
bgv	1
givng	1
classics	1
silence	1
wicket	1
rolls	1
smells	1
placing	1
i'mma	1
himself	1
pwr	1
0-1	1
properly	1
reed	1
dull	1
paolo	1
frnd	1
brintey	1
macdougall	1
similar	1
uber	1
ordered	1
amphitheater	1
nah	1
klasnic	1
nam	1
nap	1
naw	1
pandas	1
smiles	1
korn	1
drag	1
singapore's	1
cribs	1
outing	1
perishables	1
depth	1
scouser	1
ignorant	1
ramone's	1
dvr	1
katy	1
kats	1
tweeter	1
farms	1
ga	1
barbecue	1
gm	1
eckerd	1
aaaggghhh	1
c4's	1
wizard	1
mosque	1
nose	1
laffin	1
suite	1
g6	1
wave	1
telling	1
button	1
bournemouth	1
clairmont	1
pretend	1
punishing	1
supercharging	1
click	1
poke	1
wallet	1
sape	1
scorcher	1
experiment	1
bangtidy	1
wexham	1
eminem	1
asu	1
focused	1
vacay	1
2moz	1
likened	1
holger	1
12am	1
buckwheat	1
lochte	1
gene	1
snapped	1
hussle	1
starters	1
remains	1
cheeky	1
historically	1
charming	1
bellarmine	1
appointed	1
ex-milan	1
donut	1
27-25	1
drops	1
loco's	1
links	1
shtick	1
pulling	1
objective-or-neutral	1
kenna	1
vibe	1
1-2-3	1
ledesma	1
smmfh	1
prisoner's	1
fostered	1
o'briens	1
scoop	1
octavia	1
advocates	1
agenda	1
governme	1
shved	1
fresno	1
offences	1
cruise	1
converting	1
huum	1
broom	1
walnut	1
madre	1
breezin	1
stevietv	1
jetsinsider	1
sweets	1
socks	1
khedi	1
handy	1
rexy	1
slide	1
mufc	1
crossing	1
seniors	1
globe	1
sands	1
bf3	1
offsetting	1
kpop	1
criminally	1
reboot	1
islamist	1
evgeni	1
activist	1
shambles	1
maryjane	1
torres	1
ecl	1
delegates	1
70s	1
princess	1
wookie	1
ubaldo	1
lone	1
blahhh	1
keen	1
49ers	1
timed	1
keef	1
margaritas	1
mankind	1
yong	1
30fmupli	1
arr	1
improving	1
priestley	1
quality	1
fella	1
playlist	1
atm	1
demitra's	1
bears	1
revealed	1
durable	1
wrapped	1
exactly	1
innovate	1
sumthin	1
herself	1
omen	1
bec	1
beg	1
bee	1
buggers	1
bare	1
bep	1
reverserobocall	1
dowtown	1
wolfpack	1
showbiz	1
lightly	1
julian	1
realbollywood	1
halal	1
portrait	1
sendoff	1
6-8pm	1
blastin	1
eyeshadow	1
tactic	1
lecturer	1
duels	1
candyman	1
plugging	1
connected	1
achilles	1
hart's	1
url	1
sg	1
astonishing	1
construction	1
holstein	1
affair	1
emerging	1
kiddie	1
indoor	1
simchat	1
florentine	1
12z	1
shield	1
loveable	1
anderson's	1
earned	1
davide	1
virgo	1
bases	1
ethan	1
butt-fucked	1
joing	1
jammu	1
bob's	1
joins	1
tba	1
dodgy	1
tbf	1
conservatory	1
sht	1
trucks	1
mohammed	1
tuned	1
glendale	1
grad	1
nolito	1
accuses	1
prayers	1
cuts	1
accused	1
driveway	1
spotter	1
officialy	1
humane	1
stats	1
battlestar	1
nightmare	1
boo's	1
dundee	1
correctly	1
tens	1
tent	1
mncim	1
f-train	1
ryan's	1
paranormal	1
betrayed	1
goaldotcom	1
willy	1
mccurdian	1
outlaws	1
yao	1
poet	1
cena	1
controlled	1
domini	1
smoking	1
ott	1
otw	1
intimidate	1
qualcomm	1
owns	1
adie	1
comets	1
demo	1
demi	1
dems	1
wku	1
chante	1
began	1
_hp	1
fidi	1
strange	1
speaker	1
underground	1
inc	1
1-8	1
1-1	1
1-2	1
effect	1
wk9	1
waaa	1
wk1	1
rift	1
ashley	1
records	1
awakenings	1
porcello	1
obstacles	1
welp	1
knuckleheads	1
pp1ozzaa	1
cupertino	1
restore	1
fy13	1
sofia	1
sources	1
sexta	1
laurel	1
skill	1
nath	1
vids	1
sonic	1
desean	1
crushed	1
historic	1
5am	1
immediately	1
linsanity	1
mwahahaha	1
taping	1
roth	1
dresses	1
hereee	1
warmer	1
liking	1
drizzle	1
bantam	1
sponsoring	1
duh	1
goatee	1
paterno	1
coates	1
thick-framed	1
photoshoot	1
puppies	1
pointless	1
networking	1
additional	1
pc	1
imperial	1
daniela	1
eah	1
hq	1
agrees	1
triangular	1
hm	1
margo	1
allencarlanz	1
dmd	1
lee's	1
schizophrenics	1
cruel	1
stories	1
20-17	1
metronomy	1
reservations	1
universal	1
tissues	1
kisses	1
romney's	1
draco	1
scowls	1
regroup	1
offensive	1
dzeko	1
misconceptions	1
deangelis	1
backstage	1
stitch	1
coyg	1
coyb	1
gardens	1
portion	1
cleve	1
pre-breakfast	1
commencement	1
bcs	1
velonews	1
todays	1
aiden	1
opposites	1
shit's	1
swag	1
sweetest	1
contained	1
teaching	1
stolen	1
updates	1
affect	1
cnet	1
post-season	1
aladdin's	1
10k	1
postters	1
warns	1
japanese	1
batch	1
4now	1
cactus	1
colourful	1
wreck	1
gampel	1
poorly	1
mee	1
helmets	1
meg	1
mel	1
mew	1
nanny	1
active	1
jams	1
sjp	1
ignoring	1
buckles	1
credit	1
superstitious	1
california	1
theres	1
humourless	1
latifah	1
niece's	1
ninety	1
jackets	1
gots	1
welch	1
counts	1
yymfqd3c	1
landscape	1
galafianakis	1
arms	1
cali	1
calf	1
wnn1lv3r	1
supporters	1
oscar	1
kgb	1
ward	1
shahid	1
rights	1
flori	1
roof	1
kamran	1
tagalog	1
akin	1
root	1
punk	1
laughs	1
involve	1
elicited	1
braids	1
becky	1
waterfront	1
purchase	1
recieved	1
no14	1
owls	1
goodbye	1
catalogue	1
crinack	1
deca	1
fellas	1
scoring	1
deathly	1
weekl	1
rescheduled	1
recusal	1
combination	1
workout	1
curtis-smith	1
arrested	1
acoustic	1
liga	1
navi	1
upstaged	1
ministering	1
ifhq65ju	1
aids	1
venezuela	1
98-87	1
resume	1
fave	1
aboriginal	1
struggle	1
hoodie	1
olsun	1
back-to-school	1
messages	1
isk	1
whangamata	1
arrived	1
hannibal	1
playwright	1
hoop	1
lettuce	1
hood	1
spinach	1
inmarsat's	1
bonito	1
t'was	1
2am	1
trippy	1
allysin	1
princeton	1
exorcist	1
prayin	1
preparation	1
solomon	1
fabulous	1
etten	1
deserving	1
knights	1
hoffman's	1
vijayakanth	1
desperate	1
mini	1
sees	1
palace	1
ming	1
seed	1
telly	1
tells	1
mccurdians	1
cheep	1
mcallen	1
penderg	1
quarterback	1
wrists	1
arsht	1
64th	1
marin	1
original's	1
doo	1
doc	1
gulport	1
consumer	1
urgency	1
kristen	1
hunger	1
nag-aantayan	1
retire	1
attempts	1
stepping	1
probs	1
northeast	1
weekends	1
inventor	1
middleweights	1
hollyweed	1
competitive	1
ermagerd	1
hammerstein	1
optimistic	1
bae	1
bam	1
kilkenny	1
playstation	1
decides	1
decider	1
rockstar	1
testing	1
sorta	1
olympics	1
pets	1
tolerance	1
wears	1
ignorance	1
picking	1
monsalve	1
rakell	1
pietrasanta	1
bleecker	1
unc	1
proactive	1
uni	1
seoul	1
recapping	1
appeared	1
coconut	1
initiative	1
drilled	1
nicer	1
asks	1
mindfulness	1
cyrus	1
commission	1
interest	1
tino	1
ogalo	1
idol	1
730am	1
tapping	1
personally	1
exception	1
gracias	1
tank	1
earth's	1
slr	1
ugly	1
iz	1
ip	1
bobblehead	1
shame	1
defeater	1
ic	1
seattle	1
mouse	1
disappear	1
grown	1
losers-to-be	1
bella	1
bottled	1
80s	1
ambozia	1
hahaa	1
meets	1
elle	1
delight	1
potentials	1
jealous	1
unconditionally	1
smokes	1
pandora	1
10-2am	1
smoked	1
mallshow	1
kinks	1
fighters	1
reformation	1
psych	1
carimi	1
facts	1
yep	1
secure	1
g's	1
candidate	1
assassination	1
salamat	1
jules	1
megastar	1
rathbone	1
3pt	1
background	1
govt	1
opm	1
vandals	1
vanity	1
shoulder	1
g37	1
manual	1
pacute	1
bunch	1
dean	1
jerusalem's	1
somehow	1
revel	1
microwave	1
lucien's	1
0szz0xm7	1
bold	1
jarreau	1
dunking	1
commit	1
marshal	1
emcee	1
erro	1
chimp	1
lies	1
birdies	1
saturdays	1
towson	1
eventing	1
sickest	1
landing	1
cristiano's	1
indiana	1
34-29	1
understood	1
wellies	1
daddy	1
temper	1
petit	1
mush	1
ship	1
marking	1
mubarck	1
dieu	1
vu	1
tabs	1
dearborn	1
happening	1
teeth	1
bard's	1
dwyane	1
laura	1
mile	1
bomber	1
milk	1
praises	1
technique	1
disgusting	1
countdown	1
mohamm	1
reptiles	1
marks	1
daryl	1
appleton	1
myles	1
degrassi	1
torrance	1
9-2	1
advised	1
ma	1
kapalua	1
din	1
accidentally	1
ville	1
talaga	1
skrastins	1
imbongis	1
semifinals	1
heres	1
nollyhood	1
ship's	1
guardian	1
henry	1
anthonee	1
purim	1
slow	1
rabin	1
earthquake	1
first-ever	1
cuckoo	1
hotties	1
montclair	1
bow	1
boi	1
suggestion	1
hbu	1
boa	1
jerricho	1
bayern	1
perf	1
aye	1
insider	1
dudu	1
sharing	1
freestyle	1
phillies	1
downtown	1
weapo	1
demolish	1
dionje	1
mmhmm	1
flu	1
arrive	1
agent	1
pally	1
sample	1
council	1
locash	1
prime-time	1
co-hosted	1
brookwood	1
ping	1
nyt	1
chemical	1
nyk	1
pure	1
puri	1
nya	1
sworn	1
nyg	1
snl	1
mak	1
neck	1
comeposed	1
scolding	1
armbar	1
q	1
unleash	1
lse	1
canberra	1
cathedral	1
shaky	1
o's	1
kimmel	1
lyric	1
peterson	1
joco	1
yorkshire	1
coaching	1
britian	1
finance	1
killer	1
sooner	1
premeirship	1
bontet	1
henryville's	1
9pmest	1
poor's	1
deandre	1
serpong	1
tenerife	1
preaching	1
canada	1
gamers	1
wu's	1
correct	1
mthds	1
bayer	1
org	1
cough	1
appleland	1
nuff	1
yess	1
waited	1
malkin	1
question	1
rachel	1
carry	1
cheesy	1
lap	1
slept	1
autocrat	1
1d	1
alfred	1
nikon's	1
moscow	1
memi	1
13-8	1
cracks	1
protected	1
gathering	1
mountains	1
dash	1
snighter	1
heared	1
t-bag	1
britney's	1
bailey	1
tccic	1
pain	1
normal	1
rehearsal	1
conspicuous	1
youngin	1
forecast	1
takin	1
dice	1
mubarak	1
dick	1
analytic	1
hooooo	1
35am	1
contracts	1
nearly	1
2mo	1
gem	1
miley	1
nicol	1
affordable	1
seat	1
cocktails	1
lyfe	1
pantages	1
kermit	1
seal	1
calendar	1
registering	1
label	1
doma	1
sanitisers	1
rupp	1
dempsey	1
macfarlane	1
parent	1
jj	1
jk	1
je	1
jc	1
dates	1
patrons	1
disappointment	1
desperately	1
spare	1
cancer	1
disorientating	1
110m	1
ucla	1
coupons	1
mary	1
chalet	1
bmi	1
hatin	1
dexter's	1
x-files	1
coco	1
ulysses	1
rubbing	1
strait	1
aboud	1
alsip	1
paa	1
pag	1
struggling	1
pam	1
oii	1
10-27	1
assist	1
supports	1
conor	1
markus	1
solve	1
mann	1
lakefront	1
bumping	1
moily's	1
gates	1
dickson	1
wifey	1
madrid's	1
yaaay	1
meteorite	1
dunham	1
fast-finishing	1
jake	1
grey's	1
mos	1
hopin	1
admitting	1
grid	1
aiming	1
grim	1
repubs	1
manhattan	1
chamber	1
robbery	1
served	1
gaffney	1
pronounce	1
images	1
despertado	1
outs	1
ellis	1
confirm	1
kmi	1
critical	1
oldfield	1
fitness	1
regulations	1
eli's	1
violence	1
sustain	1
bachchan	1
youve	1
marriott	1
longo's	1
wilde	1
shells	1
mornings	1
replies	1
striker	1
chata	1
downstairs	1
belated	1
romantic	1
weezy's	1
ludlow	1
corncobs	1
gumbo	1
fellow	1
gumby	1
file	1
mccrimmon	1
lifetime	1
hound	1
fill	1
lanier	1
istanbul	1
cleanup	1
astronaut	1
weeee	1
obsessed	1
xanax	1
dunker	1
pil	1
legal	1
oras	1
flyin	1
homos	1
represent	1
colleges	1
dollaz	1
founder	1
grassroots	1
suns	1
deron	1
devine	1
awhh	1
looper	1
fixtures	1
children	1
sund	1
reluctant	1
niner	1
megavideo	1
tipsarevic	1
deja	1
completley	1
bestie	1
bleach	1
shebby	1
difference	1
alien	1
alma	1
drugged	1
75swc2pd	1
reminding	1
tempah	1
kniteforce	1
venkys	1
perspective	1
lawyer	1
loftus	1
psycho	1
siapin	1
gie's	1
abu	1
haddy	1
9-5	1
asphyxiation	1
christa	1
toppers	1
christy	1
psn's	1
division	1
harddrive	1
jackie	1
spotlight	1
significantly	1
airport	1
whittingham	1
mentions	1
4ths	1
caravan	1
levon	1
twl	1
comparing	1
ginobili	1
twx	1
diamond	1
engaged	1
reneg	1
yolanda	1
particular	1
karaoke	1
dez	1
der	1
guards	1
remain	1
halts	1
strategies	1
dee	1
galleries	1
mtgo	1
purchased	1
lichty	1
hoolie	1
maps	1
boxset	1
lovestruck	1
ensemble	1
gtfo	1
25-18	1
sami	1
4-8	1
ambassador	1
entry	1
cutler	1
leyland	1
responsibility	1
v69sq	1
infant	1
winged	1
rounder	1
industrial	1
layla	1
ahly	1
arrogant	1
messed	1
saffers	1
20oct	1
wizards	1
landlord	1
goog	1
okc	1
oke	1
j-high	1
mystery	1
yelawolf	1
dc's	1
robsten	1
drake	1
eleanor	1
2g	1
portu	1
biscuits	1
2k	1
callum	1
hari	1
idek	1
towie	1
extended	1
fist	1
ronaldo's	1
funding	1
childish	1
participants	1
brewers	1
print	1
humble	1
dean's	1
sbs	1
motherfucker	1
mmm	1
extraordinary	1
giveaway	1
courtney's	1
backed	1
mmg	1
mma	1
dark-e	1
octaveia	1
benefits	1
panellist	1
prophet	1
computers	1
diversion	1
trickle	1
gif	1
detroits	1
donn	1
killin	1
gator	1
twenty	1
pains	1
anointment	1
excels	1
colo	1
doctors	1
gruesome	1
gotten	1
batsman's	1
polishing	1
outta	1
shoto's	1
philippine	1
peusto	1
sun-herald	1
orders	1
mountain	1
pisseeedddd	1
yuvi	1
pierogi	1
majority	1
startalk	1
caesar	1
commentary	1
waitin	1
mosh	1
significant	1
mayoroflondon	1
southampton	1
hookahs	1
kg	1
kl	1
organise	1
chester	1
ku	1
pennant	1
uzlcnbpe	1
jesse	1
3v3	1
joining	1
thomas	1
particularly	1
rebels	1
yesqdkgj	1
relation	1
hopped	1
tuesdays	1
month's	1
pe	1
giant	1
fullerton	1
unhappy	1
trick-treaters	1
permission	1
capital	1
sila	1
spiked	1
common	1
varitek	1
gospel	1
gunna	1
cynical	1
individual	1
leslie	1
tender	1
vsowxx7c	1
iron	1
pisses	1
nashville	1
nbsp	1
foothill	1
pepsi	1
terbuka	1
suede	1
thibodaux	1
elliot	1
lbs	1
sudirman	1
rae	1
simply	1
aints	1
expensive	1
patiently	1
appreicated	1
create	1
mikey	1
secret	1
vans	1
kuya	1
gap	1
domination	1
gaa	1
x-men	1
fux	1
tiered	1
sobs	1
rafa-tard	1
shoddy	1
calender	1
jumpd	1
migraine	1
arafat's	1
docks	1
ruth	1
eww	1
dhabi	1
syd	1
maxy	1
beanie	1
whores	1
sumn	1
harper	1
flags	1
juventus	1
organization	1
chemistry	1
david's	1
sheila	1
lottery	1
boutta	1
shape	1
narda	1
atomic	1
alternative	1
wage	1
thown	1
superficial	1
cus	1
blankets	1
mavs	1
ex-ministries	1
hater	1
ridiculously	1
bio	1
hofers	1
bib	1
matters	1
biz	1
10nov	1
nindooooot	1
denzel's	1
mediocrity	1
okami's	1
often	1
obliged	1
redd	1
magnificent	1
officiated	1
pricing	1
decision	1
yoohoo	1
per	1
pen	1
connecting	1
bogus	1
commentator	1
gloc	1
wayward	1
fed	1
lyceum	1
jeezus	1
braille	1
delish	1
ounce	1
redy	1
hahahah	1
nsc	1
steven	1
remembrance	1
bankruptcy	1
banglad	1
halloweird	1
legaspi	1
nhlpa	1
head-dress	1
mkt	1
fer	1
yeahhhh	1
limewax	1
whomadewho	1
isrt	1
youssef	1
directed	1
lyhvhl1f	1
ojays	1
groove	1
metal	1
stripper	1
eller	1
chi-town	1
koch's	1
explaining	1
lend	1
showgirls	1
purim's	1
netanyahu's	1
amused	1
cooked	1
unhatched	1
presenting	1
kickin	1
qian	1
tombs	1
stolenspace	1
amplified	1
ranta	1
3-yard	1
suave	1
quarterly	1
labels	1
zubuchon	1
gladden	1
depaul	1
vlr	1
looooove	1
shock	1
colors	1
busier	1
u16s	1
replicated	1
grooves	1
assisted	1
piper	1
availability	1
access	1
wiggles	1
payday	1
director's	1
exercise	1
bachelor	1
sink	1
irritating	1
skool	1
proof	1
giant-mighty	1
oval	1
scandal	1
staple	1
lime	1
hahahhahaha	1
nobel	1
apple's	1
payne	1
prizes	1
tearing	1
fooling	1
gabriel	1
stations	1
crocked	1
szczesny	1
waaaah	1
bones	1
boner	1
arnie	1
acl	1
native	1
afl	1
89apz0qe	1
brevard	1
05pm	1
revs	1
autobiography	1
incompetence	1
ualr	1
cuddling	1
guatemala	1
furious	1
lined	1
mustache	1
resurgent	1
holsey	1
despite	1
shreds	1
dt	1
le	1
lb	1
lp	1
criminal	1
greater	1
spell	1
dah	1
dar	1
usain	1
thrill	1
nutting	1
arlene	1
references	1
michaels	1
ya'll	1
experienced	1
warner	1
junkie	1
sweatshirt	1
rey	1
announces	1
dongwoo	1
stub	1
reo	1
grohl	1
ref	1
que	1
clunge	1
squadron	1
yard	1
joowaggc	1
retain	1
aaawwh	1
8-3	1
finest	1
crotchal	1
reaches	1
improvements	1
whoot	1
himachal	1
braces	1
bams	1
sadly	1
upnsmoke	1
laps	1
waltons	1
rocha	1
mondays	1
pedigrees	1
ballard	1
rosie's	1
mackem	1
flashed	1
udofia	1
halcyon	1
visited	1
botohan	1
gidley	1
comfortable	1
fukn	1
quentin	1
continents	1
mia	1
flotus	1
mid	1
congratz	1
firework	1
mir	1
benson's	1
salle	1
rhoatl	1
waugh	1
schalke	1
where's	1
eight	1
prisoner	1
payment	1
request	1
normally	1
kaayo	1
harbutz	1
russia-portugal	1
elimination	1
kits	1
traitor	1
yhoo	1
39pm	1
inspiring	1
5pm	1
roadtrip	1
swiftbroadband	1
bean	1
gop's	1
organ	1
head-coach	1
salzburg	1
exists	1
enhanced	1
greece	1
racket	1
maynard	1
master's	1
maddox	1
laureate	1
janet	1
underwater	1
jharkhand	1
richwood	1
d'isere	1
prizefighter	1
tweetup	1
wiggo	1
tovah	1
wp	1
twickers	1
bluewkd's	1
mafia	1
watkins	1
pouring	1
ag	1
iba	1
hahahahqa	1
darren	1
upbeat	1
ramallah	1
aubrey	1
sausages	1
ao	1
bull	1
general	1
volunteer	1
kenya	1
bye	1
welcoming	1
7-2	1
appearance	1
venomous	1
frustrating	1
planets	1
girlfriend	1
reflexology	1
partner	1
brightened	1
auto	1
unikent	1
murdoch's	1
zorro	1
reporting	1
sauna	1
bullying	1
notttt	1
fellowship	1
scholars	1
freshest	1
capella	1
seth	1
wya	1
usual	1
clinic	1
protecting	1
griffith	1
ads	1
winchester	1
aide's	1
add	1
citizen	1
mikia	1
trad	1
swanson	1
drummers	1
jayz	1
malfoy	1
chick	1
conrad	1
soft	1
italian	1
mcbee	1
convey	1
proper	1
1en066lh	1
tmr	1
esp	1
landco	1
assuming	1
screwed	1
stellar	1
oiler	1
vuitton	1
waving	1
6am	1
stephenson	1
louisville	1
kewei	1
need2get	1
tomb	1
mushu	1
unreleased	1
playthrough	1
two-tone	1
smarty	1
playoff	1
verve's	1
legends	1
smit	1
joaquim	1
609-335-3062	1
brand	1
primaries	1
preparations	1
fuckhead	1
bun	1
bug	1
bud	1
wise	1
glory	1
flip	1
undercard	1
essien	1
replying	1
probaby	1
pie	1
pix	1
fiyvxqob	1
bay's	1
surreal	1
investigat	1
fsmbsxu5	1
kutlu	1
bundle	1
dinklage	1
christians	1
4x	1
earthsky	1
nuus	1
dog's	1
ayup	1
hats	1
dynasty	1
hating	1
liar	1
dere	1
undisputed	1
mwr	1
allll	1
poorest	1
regrets	1
legislators	1
right-if	1
alexandra	1
mw3	1
bestfriend	1
obsessive	1
21-0	1
ruslan	1
leaders	1
consistent	1
henryville	1
supplies	1
pats	1
zach	1
stared	1
beck	1
wdc	1
forum	1
jogging	1
heracles	1
changes	1
julie	1
julia	1
patience	1
santino	1
genomics	1
chargers	1
spike	1
diesel	1
spleaders	1
juiciest	1
puma's	1
boingo	1
bullshitting	1
lomardi	1
phony	1
connecticut	1
md	1
dimas	1
mi	1
mj	1
entertainer	1
bbc3	1
caroline's	1
dolphin	1
paparazzi	1
mayhem	1
scheduling	1
woodpecker	1
dmdk	1
trill	1
returning	1
bunt	1
aching	1
buzzin	1
charging	1
poker	1
elizabeth	1
horoscope	1
jumping	1
equaliser	1
salsa	1
mesa	1
executed	1
naman	1
jacuzzi	1
oven	1
doncaster	1
destroyer	1
cle	1
expectations	1
imo	1
writing	1
bryson	1
eugene	1
diseases	1
chiodos	1
stinking	1
filling	1
wf0pnshq	1
diana	1
45outoftheblue	1
truant	1
rasss	1
boozer	1
goa	1
laid	1
godsister	1
millennium	1
heavenly	1
shatec	1
associate	1
jammers	1
uniontown	1
shazia	1
17-14	1
nadell	1
heck	1
soda	1
stoneleigh	1
rank	1
rant	1
sober	1
titled	1
toy	1
heights	1
kinder	1
toi	1
rockin	1
toe	1
flatts	1
airwaves	1
tooo	1
margarita's	1
lather	1
roles	1
immigrants	1
aztec	1
nastiest	1
company's	1
surfcomber	1
stacey	1
raf	1
donkey	1
fcking	1
kaaba	1
layover	1
rai	1
raw	1
advising	1
beckett	1
seminar	1
triangle	1
crazzzzyy	1
gopinath	1
ruston	1
brandon	1
oriented	1
client	1
visionary	1
tech's	1
promotions	1
lift	1
flop	1
flow	1
lyle	1
nurgh	1
entertaining	1
yangyang	1
sasabo	1
pks	1
pardoned	1
sofyan	1
unamazed	1
peasants	1
runday	1
gods	1
sooooooo	1
hardball	1
asians	1
indhi	1
omgg	1
priest's	1
34th	1
shots	1
brick	1
automatic	1
blackwell	1
pummel	1
roadmap	1
nun	1
jerseys	1
simama	1
interviewing	1
mug	1
bey	1
tressa	1
drivin	1
weak	1
however	1
improve	1
protect	1
vadalabene	1
acceptable	1
kwi	1
betting	1
comical	1
aust-china	1
beed	1
seein	1
beef	1
cockroaches	1
b2b	1
expected	1
refuted	1
rvc	1
teachers	1
bodycount	1
smokeout	1
geminis	1
brutal	1
tressa's	1
mayb	1
wanking	1
forehead	1
ohhhhh	1
sings	1
dylan	1
tarzan	1
hearts	1
spencer	1
ingleton	1
burrell	1
torah	1
proposes	1
thumbs	1
buses	1
30-6	1
30-7	1
5k	1
jazzed	1
hyun's	1
humanity	1
actresses	1
casting	1
ninjas	1
burna	1
cultural	1
apart	1
melting	1
appearing	1
footy	1
hunt	1
broadcaster	1
officer	1
valence	1
gifted	1
brief-clearwire	1
emails	1
aldrich	1
xbox	1
tutorial	1
jeebies	1
cooper	1
student's	1
brekkie	1
booking	1
30-s	1
core	1
deleted	1
skanking	1
disappeared	1
corp	1
cory	1
dj's	1
sardar	1
o'neal	1
twi	1
presence	1
civil	1
puzzle	1
ppv	1
31-27	1
cafeteria	1
emigrate	1
mamacitas	1
fought	1
appts	1
casey's	1
questionable	1
intolerance	1
amateur	1
kingsmen	1
sustained	1
adore	1
blarring	1
brightly	1
trib	1
sometime	1
perez	1
shines	1
nl	1
faithful	1
marys	1
commercials	1
beheading	1
whew	1
nw	1
trailers	1
fleebaggers	1
yeeeeahhh	1
bullet	1
vietnam	1
paper2	1
n2	1
12a	1
ouch	1
roy	1
roz	1
gmwa	1
dook's	1
charge	1
22-4	1
promoting	1
70-60	1
henderson	1
none	1
pompey	1
g-w-c	1
slowdow	1
000th	1
philippines	1
peeps	1
cloudy	1
standards	1
yale	1
quick	1
pork	1
porn	1
inland	1
colin	1
steppin	1
dried	1
comforting	1
trent	1
yippee	1
bake	1
tri-cities	1
patrols	1
reply	1
hairs	1
mali	1
envy	1
fluke	1
entertain	1
espn's	1
shaquille	1
healthy	1
gadgetdom	1
dirt	1
olsen	1
parmo	1
jimando	1
touchdown	1
employer	1
crisis	1
msu	1
msm	1
americaplatz	1
iphone	1
smeared	1
riot	1
baduy	1
employee	1
teaser	1
beers	1
cases	1
judd	1
granda's	1
fuck's	1
performer	1
nursing	1
kym	1
desierto	1
doubting	1
armbars	1
feelin	1
qualifiers	1
bigot	1
chicagoriffic	1
veitch	1
lent's	1
rubio	1
arkestra	1
speaks	1
leavin	1
mixin	1
60-year	1
curing	1
classroom	1
mi6hcu86	1
amuse	1
devo	1
inform	1
representation	1
exclusive	1
alcantra	1
noesen	1
rampling	1
pterodactyls	1
vta	1
organisation	1
rondo	1
he'd	1
swooooooooooooonnnnn	1
moms	1
bound	1
tommorrow	1
equality	1
clutch	1
sensibilities	1
realistic	1
bathurst	1
indianapolis	1
secret-country	1
bradley's	1
dredd	1
shouldn't	1
advice	1
processed	1
theory	1
albuquerque	1
yassss	1
flyer	1
motion	1
raleigh	1
yue	1
teammates	1
hair-may	1
faculty	1
acca	1
clumsy	1
gala	1
acct	1
pokemon	1
engineer	1
iam	1
derbys	1
flemington	1
district	1
mredlalt	1
leverkusen	1
europe	1
reppin	1
lago	1
minaj's	1
bounty	1
legally	1
mop	1
hug	1
sillly	1
ooosh	1
minimalistic	1
chisora	1
bicyclefilmfestival	1
holder	1
wide	1
gil	1
330pm	1
hagedorn	1
outcome	1
published	1
sardaar	1
armored	1
hershey	1
mater	1
mates	1
matey	1
pry	1
conversion	1
virgos	1
snowy	1
60-8	1
klia	1
55th	1
omggg	1
spotify	1
blunt	1
tornado	1
falls	1
boiling	1
donation	1
fcc	1
yeeessss	1
hungry	1
dorking	1
workshops	1
cheap	1
elif	1
tight-lipped	1
gulf	1
crime	1
believing	1
ali's	1
gypsys	1
mormon	1
hoya	1
toniiiight	1
reveal	1
cumin	1
sinning	1
predicted	1
heart-2-heart	1
itz	1
ignored	1
picnic	1
n17	1
violated	1
luxford	1
hamels	1
wilshere	1
parking	1
minnes	1
weapons	1
rumours	1
biebers	1
guitar	1
sacked	1
reaction	1
ligaments	1
senator	1
9yegfkrz	1
color	1
pow	1
poo	1
kev	1
poa	1
apatow	1
lifes	1
howard	1
ferrell's	1
reuters	1
succesful	1
coups	1
worcestershire	1
6c	1
fielding's	1
mancity	1
andrea	1
irrelevant	1
paying	1
rhymes	1
intifada	1
telephone	1
punched	1
helmet	1
participant	1
botching	1
shifts	1
manila	1
yeahhh	1
tipsy	1
driver	1
producers	1
hawkeye	1
vocalist	1
omelette	1
breakdowns	1
qe99ciw0	1
relegation	1
magical	1
calleja	1
reward	1
guided	1
gdw2gbuc	1
satin	1
halfway	1
announcement	1
4x100m	1
tunisia	1
shrine	1
kills	1
porto	1
kirby	1
belladonna's	1
seahawks	1
accepted	1
everytime	1
wbc	1
sana	1
tohse	1
freer	1
stops	1
hipster	1
provider	1
cassadee	1
itching	1
royals	1
jupiter's	1
brittany	1
hindu	1
ot	1
amgen	1
arsenal's	1
cent	1
shortlisted	1
upstairs	1
crunk	1
strictly	1
alleged	1
budd	1
verm's	1
energy	1
yah	1
mischief	1
mono-cellular	1
kittens	1
lmaooo	1
jul	1
nipsey	1
promote	1
applying	1
endorsment	1
pacer	1
shauna	1
katrina	1
creeping	1
cbb	1
suadonte	1
cinema	1
taste	1
minneapolis	1
politics	1
portland	1
1year	1
idiot	1
igo	1
gunplay	1
lovers	1
included	1
stocks	1
booked	1
t-t	1
nesba	1
k-town	1
adnan's	1
ali	1
winnings	1
parmesan	1
hmmm	1
glimpse	1
apartment	1
acting	1
presentation	1
see's	1
activities	1
egyptian	1
fav	1
treating	1
gerrard	1
bercik	1
programme	1
teh	1
26-5	1
clary's	1
tee	1
panaji	1
nbc	1
sue	1
sum	1
suk	1
christian	1
behaviour	1
leeds	1
relaxation	1
directions	1
pleasant	1
sbc	1
un-frickin-real	1
allowd	1
suddenly	1
semester	1
snug	1
faint	1
teleconference	1
shits	1
hurrah	1
fun-filled	1
grabbing	1
hoffman	1
floyd	1
glam	1
mellow	1
debates	1
omit	1
denure	1
london's	1
joints	1
pond	1
seuss's	1
hoak's	1
absconded	1
adventure	1
ironman	1
jovi	1
rationalize	1
festi	1
rafa's	1
shade	1
retaliate	1
barbz	1
turnover	1
tallahassee	1
nanti	1
assaulting	1
olmsted	1
effat	1
apako	1
clippers	1
milestone	1
vaughn	1
afl's	1
bunwatch	1
mastered	1
athletics	1
friendship	1
pirates	1
weight	1
colder	1
well-observed	1
kobe	1
linens	1
dugout	1
loll	1
rightfully	1
paradise	1
lolz	1
un-american	1
ho-down	1
bleeped	1
blaring	1
casselberry	1
differ	1
cookie	1
randall	1
thread	1
threat	1
fallen	1
throws	1
dine	1
relate	1
dink	1
linking	1
feet	1
sympathy	1
dreading	1
slower	1
soaps	1
passes	1
grimm	1
temperature	1
interviews	1
comfy	1
photographing	1
headache	1
exploded	1
i'ma	1
huzah	1
sarkozy	1
rediff	1
double	1
zachary	1
dans	1
naranjos	1
architect	1
risks	1
dang	1
risky	1
shrewd	1
alike	1
cleaned	1
wilson	1
sierranya	1
entirety	1
chairman	1
tunstall	1
cotchery	1
efe	1
yeaha	1
added	1
reckon	1
mentality	1
reunited	1
amas	1
ab's	1
achievement	1
norwin	1
artemis	1
notch	1
8pm-11pm	1
bff	1
sheppard	1
hablando	1
tommorow	1
archuleta	1
longest	1
george's	1
tarentino	1
cries	1
brendan	1
nickelodeon	1
activity	1
bars	1
msakni	1
kylie	1
ara	1
dumb	1
ark	1
threats	1
nailed	1
ups	1
lorax's	1
swansea	1
blurb	1
cancelling	1
solo	1
paisley	1
scotlandrugbyteam	1
recently	1
goddamn	1
sold	1
eyepatch	1
opposition	1
franchise	1
trespassers	1
double-sided	1
54th	1
witch	1
bond	1
tgc	1
tgi	1
crispy	1
duo	1
nummies	1
dub	1
whop	1
whom	1
baptizing	1
pi	1
chandler	1
affectionate	1
siting	1
softest	1
cinch	1
instructor	1
sportcenter	1
georgie	1
berkmar	1
inconvenience	1
bespoke	1
engineers	1
guilty	1
rih	1
rif	1
rid	1
ria	1
fading	1
spears	1
arrives	1
ultimate	1
snickerdoodle-strawberry	1
usually	1
couldve	1
bartlett	1
tiket	1
rayudu	1
depending	1
anybody	1
fuxs	1
loading	1
adrienne	1
borehamwood	1
customers	1
ambien	1
distin's	1
lincoln	1
complaing	1
jacksonville	1
mariah	1
mf's	1
springbok	1
noooooooooooooooooooo	1
avatars	1
ignore	1
arthur	1
nipple	1
bagsakan	1
marmalade	1
grenader	1
clown	1
wanderlust	1
boks	1
pros	1
seller	1
anno	1
retro	1
ticking	1
blackops	1
prof	1
refused	1
zombie	1
raider	1
pipeline	1
volunteering	1
yawn	1
niceness	1
boyfriend	1
rangels	1
greg's	1
qohb19tb	1
hatred	1
gamma	1
credible	1
conquest	1
impressed	1
sonny	1
blks	1
smoothly	1
xoxo	1
brun	1
preordered	1
karlis	1
shaaaataaaaaaaaap	1
lemmon	1
joinnnnnnnnnnnnn	1
repeatedly	1
usurp	1
junior	1
bayraminiz	1
soars	1
ccfc	1
rains	1
parlor	1
raina	1
mock	1
kt	1
wickets	1
helping	1
hevy	1
viscount	1
titss	1
happier	1
gr8	1
nasa	1
proudofallstar	1
karma	1
kerri	1
skys2	1
windy	1
accuplacer	1
isat's	1
cuppa	1
unobscured	1
include	1
dongwoo's	1
drillhall	1
spoon	1
spoof	1
everybody's	1
dealt	1
noted	1
relives	1
smaller	1
you'r	1
reunion	1
headlines	1
showcase	1
fvck	1
desired	1
mondawmin	1
ilmi	1
metro	1
shades	1
calvin	1
pretentiousness	1
bibleball	1
reds	1
solus	1
deputy	1
apr	1
dwarves	1
aboard	1
duck	1
fee	1
stream	1
usm	1
scariest	1
timetable	1
sun's	1
automobile	1
sorr	1
porch	1
humanly	1
impress	1
sore	1
rabbit	1
fuds	1
annoy	1
slaps	1
foggiest	1
hydrangeas	1
anywhere	1
performed	1
matinee	1
tay	1
tag	1
spa	1
tam	1
tan	1
dwt	1
inman	1
uxzjcsul	1
sin	1
caterham	1
unforgivable	1
mediapolis	1
martins	1
wwii	1
takeaway	1
waww	1
stamped	1
whilst	1
kbs	1
badger	1
ships	1
permanent	1
dermot	1
helsing	1
orange	1
rsvp	1
hoddle	1
emerald	1
parokya	1
republican	1
flee	1
worlds	1
bttn	1
secures	1
promise	1
ooshma	1
obvs	1
sentiment	1
radical	1
whooped	1
hhave	1
vcu	1
yankee	1
induction	1
schulmann's	1
45pm	1
8c	1
mvc's	1
pivopivo	1
cooler-than-normal	1
conversation	1
twas	1
sex-drives	1
konser	1
bmore	1
boii	1
god's	1
excv6jkr	1
noses	1
holland	1
richer	1
10-0	1
anytime	1
10-3	1
10-4	1
encore	1
ringer	1
wrom	1
canada's	1
beliebers	1
linked	1
robison	1
catholic	1
tweetathon	1
jacobson	1
dilemmas	1
martha	1
27-31	1
four-try	1
pretzels	1
whl	1
hair-mess	1
highschool	1
ramires	1
coolamon	1
schulz	1
oushhhhh	1
nearer	1
q4	1
candidates	1
goosebumps	1
aykroyd	1
cubs	1
bronco	1
chips	1
ghetto	1
champagne	1
non-sunny	1
brain	1
forstall	1
titus	1
married	1
irieapril	1
liiiiiiiiiiiiiiiiiiiiiiiiiiiiiiiiiistoooooo	1
waterfalls	1
futuristic	1
lauren's	1
acquired	1
spazzing	1
buzzed	1
closes	1
meatballs	1
whiffs	1
publishers	1
jos	1
trynna	1
sno-balls	1
takeover	1
jod	1
joe	1
spoil	1
lvl	1
hobo	1
titties	1
profanity	1
diehard	1
bronx	1
hehehe	1
viqueens	1
wall	1
makin	1
gloc9	1
cmon	1
unhappiness	1
amigo	1
buffs	1
charts	1
funtastic	1
naples	1
wankfest	1
hmu	1
crappy	1
lionsrt	1
grace's	1
improved	1
9-5-12	1
eyelashes	1
esperance	1
unlike	1
vimeo	1
align	1
ackroyd	1
gr8t	1
thus	1
gothic	1
avi	1
dual	1
ave	1
incr	1
mga	1
flower	1
largest	1
premiere	1
enrile's	1
arse	1
d600	1
kiaya	1
utrecht	1
gutted	1
realised	1
nadal	1
tcu	1
recap	1
mfs	1
fishing	1
illinois	1
tca	1
barros	1
console	1
panther	1
guts	1
jars	1
favre	1
branch	1
protesters	1
38-26	1
helpful	1
loser	1
steven's	1
searching	1
tumblr	1
why'd	1
empire	1
lean	1
leal	1
nmrhs	1
bowyer	1
murderer	1
werth	1
lowis	1
pasta	1
mite	1
raise	1
shinhye	1
cosplay	1
carried	1
column	1
spilled	1
shipping	1
carries	1
sighting	1
spyshots	1
talladega	1
boiii	1
champ	1
val	1
transfer	1
hollyoaks	1
shana	1
leeeeee	1
volume	1
takbir	1
liquor	1
23-17	1
good-bye	1
teaming	1
yooruce	1
temp	1
whether	1
bck	1
re-charge	1
replay	1
ruling	1
va3	1
faggot	1
redlicki	1
kbhulqgi	1
gamble's	1
flyout	1
myt	1
ladyfriend	1
mutual	1
ev	1
photoset	1
sportsnation	1
toured	1
socialising	1
kena	1
incurred	1
oklahoma	1
